[{"pk": 1, "model": "contenttypes.contenttype", "fields": {"model": "placeholder", "app_label": "cms"}}, {"pk": 2, "model": "contenttypes.contenttype", "fields": {"model": "page", "app_label": "cms"}}, {"pk": 3, "model": "contenttypes.contenttype", "fields": {"model": "permission", "app_label": "auth"}}, {"pk": 4, "model": "contenttypes.contenttype", "fields": {"model": "group", "app_label": "auth"}}, {"pk": 5, "model": "contenttypes.contenttype", "fields": {"model": "user", "app_label": "auth"}}, {"pk": 6, "model": "contenttypes.contenttype", "fields": {"model": "contenttype", "app_label": "contenttypes"}}, {"pk": 7, "model": "contenttypes.contenttype", "fields": {"model": "session", "app_label": "sessions"}}, {"pk": 8, "model": "contenttypes.contenttype", "fields": {"model": "logentry", "app_label": "admin"}}, {"pk": 9, "model": "contenttypes.contenttype", "fields": {"model": "site", "app_label": "sites"}}, {"pk": 10, "model": "contenttypes.contenttype", "fields": {"model": "usersettings", "app_label": "cms"}}, {"pk": 11, "model": "contenttypes.contenttype", "fields": {"model": "globalpagepermission", "app_label": "cms"}}, {"pk": 12, "model": "contenttypes.contenttype", "fields": {"model": "pagepermission", "app_label": "cms"}}, {"pk": 13, "model": "contenttypes.contenttype", "fields": {"model": "pageuser", "app_label": "cms"}}, {"pk": 14, "model": "contenttypes.contenttype", "fields": {"model": "pageusergroup", "app_label": "cms"}}, {"pk": 15, "model": "contenttypes.contenttype", "fields": {"model": "cmsplugin", "app_label": "cms"}}, {"pk": 16, "model": "contenttypes.contenttype", "fields": {"model": "title", "app_label": "cms"}}, {"pk": 17, "model": "contenttypes.contenttype", "fields": {"model": "placeholderreference", "app_label": "cms"}}, {"pk": 18, "model": "contenttypes.contenttype", "fields": {"model": "staticplaceholder", "app_label": "cms"}}, {"pk": 19, "model": "contenttypes.contenttype", "fields": {"model": "aliaspluginmodel", "app_label": "cms"}}, {"pk": 20, "model": "contenttypes.contenttype", "fields": {"model": "urlconfrevision", "app_label": "cms"}}, {"pk": 21, "model": "contenttypes.contenttype", "fields": {"model": "cachekey", "app_label": "menus"}}, {"pk": 22, "model": "contenttypes.contenttype", "fields": {"model": "text", "app_label": "djangocms_text_ckeditor"}}, {"pk": 23, "model": "contenttypes.contenttype", "fields": {"model": "folder", "app_label": "filer"}}, {"pk": 24, "model": "contenttypes.contenttype", "fields": {"model": "folderpermission", "app_label": "filer"}}, {"pk": 25, "model": "contenttypes.contenttype", "fields": {"model": "file", "app_label": "filer"}}, {"pk": 26, "model": "contenttypes.contenttype", "fields": {"model": "clipboard", "app_label": "filer"}}, {"pk": 27, "model": "contenttypes.contenttype", "fields": {"model": "clipboarditem", "app_label": "filer"}}, {"pk": 28, "model": "contenttypes.contenttype", "fields": {"model": "image", "app_label": "filer"}}, {"pk": 29, "model": "contenttypes.contenttype", "fields": {"model": "thumbnailoption", "app_label": "filer"}}, {"pk": 30, "model": "contenttypes.contenttype", "fields": {"model": "source", "app_label": "easy_thumbnails"}}, {"pk": 31, "model": "contenttypes.contenttype", "fields": {"model": "thumbnail", "app_label": "easy_thumbnails"}}, {"pk": 32, "model": "contenttypes.contenttype", "fields": {"model": "thumbnaildimensions", "app_label": "easy_thumbnails"}}, {"pk": 33, "model": "contenttypes.contenttype", "fields": {"model": "multicolumns", "app_label": "djangocms_column"}}, {"pk": 34, "model": "contenttypes.contenttype", "fields": {"model": "column", "app_label": "djangocms_column"}}, {"pk": 35, "model": "contenttypes.contenttype", "fields": {"model": "link", "app_label": "djangocms_link"}}, {"pk": 36, "model": "contenttypes.contenttype", "fields": {"model": "filerfile", "app_label": "cmsplugin_filer_file"}}, {"pk": 37, "model": "contenttypes.contenttype", "fields": {"model": "filerfolder", "app_label": "cmsplugin_filer_folder"}}, {"pk": 38, "model": "contenttypes.contenttype", "fields": {"model": "filerimage", "app_label": "cmsplugin_filer_image"}}, {"pk": 39, "model": "contenttypes.contenttype", "fields": {"model": "style", "app_label": "djangocms_style"}}, {"pk": 40, "model": "contenttypes.contenttype", "fields": {"model": "snippet", "app_label": "djangocms_snippet"}}, {"pk": 41, "model": "contenttypes.contenttype", "fields": {"model": "snippetptr", "app_label": "djangocms_snippet"}}, {"pk": 42, "model": "contenttypes.contenttype", "fields": {"model": "googlemap", "app_label": "djangocms_googlemap"}}, {"pk": 43, "model": "contenttypes.contenttype", "fields": {"model": "googlemapmarker", "app_label": "djangocms_googlemap"}}, {"pk": 44, "model": "contenttypes.contenttype", "fields": {"model": "googlemaproute", "app_label": "djangocms_googlemap"}}, {"pk": 45, "model": "contenttypes.contenttype", "fields": {"model": "videoplayer", "app_label": "djangocms_video"}}, {"pk": 46, "model": "contenttypes.contenttype", "fields": {"model": "videosource", "app_label": "djangocms_video"}}, {"pk": 47, "model": "contenttypes.contenttype", "fields": {"model": "videotrack", "app_label": "djangocms_video"}}, {"pk": 48, "model": "contenttypes.contenttype", "fields": {"model": "categorytranslation", "app_label": "aldryn_categories"}}, {"pk": 49, "model": "contenttypes.contenttype", "fields": {"model": "category", "app_label": "aldryn_categories"}}, {"pk": 50, "model": "contenttypes.contenttype", "fields": {"model": "newsblogconfigtranslation", "app_label": "aldryn_newsblog"}}, {"pk": 51, "model": "contenttypes.contenttype", "fields": {"model": "newsblogconfig", "app_label": "aldryn_newsblog"}}, {"pk": 52, "model": "contenttypes.contenttype", "fields": {"model": "articletranslation", "app_label": "aldryn_newsblog"}}, {"pk": 53, "model": "contenttypes.contenttype", "fields": {"model": "article", "app_label": "aldryn_newsblog"}}, {"pk": 54, "model": "contenttypes.contenttype", "fields": {"model": "newsblogarchiveplugin", "app_label": "aldryn_newsblog"}}, {"pk": 55, "model": "contenttypes.contenttype", "fields": {"model": "newsblogarticlesearchplugin", "app_label": "aldryn_newsblog"}}, {"pk": 56, "model": "contenttypes.contenttype", "fields": {"model": "newsblogauthorsplugin", "app_label": "aldryn_newsblog"}}, {"pk": 57, "model": "contenttypes.contenttype", "fields": {"model": "newsblogcategoriesplugin", "app_label": "aldryn_newsblog"}}, {"pk": 58, "model": "contenttypes.contenttype", "fields": {"model": "newsblogfeaturedarticlesplugin", "app_label": "aldryn_newsblog"}}, {"pk": 59, "model": "contenttypes.contenttype", "fields": {"model": "newsbloglatestarticlesplugin", "app_label": "aldryn_newsblog"}}, {"pk": 60, "model": "contenttypes.contenttype", "fields": {"model": "newsblogrelatedplugin", "app_label": "aldryn_newsblog"}}, {"pk": 61, "model": "contenttypes.contenttype", "fields": {"model": "newsblogtagsplugin", "app_label": "aldryn_newsblog"}}, {"pk": 62, "model": "contenttypes.contenttype", "fields": {"model": "grouptranslation", "app_label": "aldryn_people"}}, {"pk": 63, "model": "contenttypes.contenttype", "fields": {"model": "group", "app_label": "aldryn_people"}}, {"pk": 64, "model": "contenttypes.contenttype", "fields": {"model": "persontranslation", "app_label": "aldryn_people"}}, {"pk": 65, "model": "contenttypes.contenttype", "fields": {"model": "person", "app_label": "aldryn_people"}}, {"pk": 66, "model": "contenttypes.contenttype", "fields": {"model": "peopleplugin", "app_label": "aldryn_people"}}, {"pk": 67, "model": "contenttypes.contenttype", "fields": {"model": "tag", "app_label": "taggit"}}, {"pk": 68, "model": "contenttypes.contenttype", "fields": {"model": "taggeditem", "app_label": "taggit"}}, {"pk": 69, "model": "contenttypes.contenttype", "fields": {"model": "revision", "app_label": "reversion"}}, {"pk": 70, "model": "contenttypes.contenttype", "fields": {"model": "version", "app_label": "reversion"}}, {"pk": "d6rsdoz436glrzhoe8vber9cuksluryj", "model": "sessions.session", "fields": {"session_data": "Yjg2NzkwY2M4NWVmZWIwOGI3NTg4ZjJhOWViNDQ0MTI3YjhiOWM3ZDp7ImNtc19hZG1pbl9zaXRlIjoxLCJjbXNfZWRpdCI6ZmFsc2UsImNtc190b29sYmFyX2Rpc2FibGVkIjpmYWxzZSwiZmlsZXJfbGFzdF9mb2xkZXJfaWQiOm51bGwsIl9hdXRoX3VzZXJfYmFja2VuZCI6ImRqYW5nby5jb250cmliLmF1dGguYmFja2VuZHMuTW9kZWxCYWNrZW5kIiwiX2F1dGhfdXNlcl9oYXNoIjoiMDgwNjNiYzIyMzMxMzFjZDRmMDEwNjllNGIxMzBlNTMzOGMxNTU3OCIsIl9hdXRoX3VzZXJfaWQiOiIxIiwid2l6YXJkX3dpemFyZF9jcmVhdGVfdmlldyI6eyJzdGVwX2ZpbGVzIjp7fSwic3RlcCI6bnVsbCwiZXh0cmFfZGF0YSI6e30sInN0ZXBfZGF0YSI6e319fQ==", "expire_date": "2016-12-15T19:09:46.878Z"}}, {"pk": 1, "model": "sites.site", "fields": {"name": "localhost", "domain": "localhost"}}, {"pk": 5, "model": "cms.page", "fields": {"parent": null, "login_required": false, "languages": "ru", "is_home": true, "publisher_public": 6, "path": "0005", "publication_end_date": null, "navigation_extenders": "", "changed_date": "2016-12-01T19:09:01.857Z", "application_urls": "", "in_navigation": true, "publisher_is_draft": true, "placeholders": [16, 36, 37, 40, 44, 45, 46, 47, 48, 49, 50], "created_by": "admin", "numchild": 0, "depth": 1, "changed_by": "admin", "application_namespace": null, "publication_date": "2016-11-30T17:23:21.528Z", "site": 1, "limit_visibility_in_menu": null, "soft_root": false, "template": "Kalina_base.html", "creation_date": "2016-11-30T17:23:21.480Z", "xframe_options": 0, "revision_id": 0, "reverse_id": null}}, {"pk": 6, "model": "cms.page", "fields": {"parent": null, "login_required": false, "languages": "ru", "is_home": true, "publisher_public": 5, "path": "0006", "publication_end_date": null, "navigation_extenders": "", "changed_date": "2016-12-01T19:09:01.836Z", "application_urls": "", "in_navigation": true, "publisher_is_draft": false, "placeholders": [17, 35, 38, 39, 41, 42, 43, 51, 52, 53, 54], "created_by": "admin", "numchild": 0, "depth": 1, "changed_by": "admin", "application_namespace": null, "publication_date": "2016-11-30T17:23:21.528Z", "site": 1, "limit_visibility_in_menu": null, "soft_root": false, "template": "Kalina_base.html", "creation_date": "2016-11-30T17:23:21.532Z", "xframe_options": 0, "revision_id": 0, "reverse_id": null}}, {"pk": 7, "model": "cms.page", "fields": {"parent": null, "login_required": false, "languages": "ru", "is_home": false, "publisher_public": 8, "path": "0008", "publication_end_date": null, "navigation_extenders": "NewsBlogMenu", "changed_date": "2016-12-01T18:51:48.899Z", "application_urls": "NewsBlogApp", "in_navigation": true, "publisher_is_draft": true, "placeholders": [18, 19], "created_by": "admin", "numchild": 0, "depth": 1, "changed_by": "admin", "application_namespace": "Blog", "publication_date": "2016-11-30T17:27:09.133Z", "site": 1, "limit_visibility_in_menu": null, "soft_root": false, "template": "Kalina_news.html", "creation_date": "2016-11-30T17:24:55.498Z", "xframe_options": 3, "revision_id": 0, "reverse_id": null}}, {"pk": 8, "model": "cms.page", "fields": {"parent": null, "login_required": false, "languages": "ru", "is_home": false, "publisher_public": 7, "path": "0009", "publication_end_date": null, "navigation_extenders": "NewsBlogMenu", "changed_date": "2016-12-01T18:51:48.876Z", "application_urls": "NewsBlogApp", "in_navigation": true, "publisher_is_draft": false, "placeholders": [20, 21], "created_by": "admin", "numchild": 0, "depth": 1, "changed_by": "admin", "application_namespace": "Blog", "publication_date": "2016-11-30T17:27:09.133Z", "site": 1, "limit_visibility_in_menu": null, "soft_root": false, "template": "Kalina_news.html", "creation_date": "2016-11-30T17:27:09.151Z", "xframe_options": 3, "revision_id": 0, "reverse_id": null}}, {"pk": 9, "model": "cms.page", "fields": {"parent": null, "login_required": false, "languages": "ru", "is_home": false, "publisher_public": 10, "path": "000E", "publication_end_date": null, "navigation_extenders": "", "changed_date": "2016-12-01T16:22:14.907Z", "application_urls": "", "in_navigation": true, "publisher_is_draft": true, "placeholders": [31], "created_by": "admin", "numchild": 0, "depth": 1, "changed_by": "admin", "application_namespace": null, "publication_date": "2016-12-01T10:06:16.943Z", "site": 1, "limit_visibility_in_menu": null, "soft_root": false, "template": "Kalina_news.html", "creation_date": "2016-12-01T10:05:09.920Z", "xframe_options": 0, "revision_id": 0, "reverse_id": null}}, {"pk": 10, "model": "cms.page", "fields": {"parent": null, "login_required": false, "languages": "ru", "is_home": false, "publisher_public": 9, "path": "000F", "publication_end_date": null, "navigation_extenders": "", "changed_date": "2016-12-01T16:22:14.878Z", "application_urls": "", "in_navigation": true, "publisher_is_draft": false, "placeholders": [32], "created_by": "admin", "numchild": 0, "depth": 1, "changed_by": "admin", "application_namespace": null, "publication_date": "2016-12-01T10:06:16.943Z", "site": 1, "limit_visibility_in_menu": null, "soft_root": false, "template": "Kalina_news.html", "creation_date": "2016-12-01T10:06:16.977Z", "xframe_options": 0, "revision_id": 0, "reverse_id": null}}, {"pk": 11, "model": "cms.page", "fields": {"parent": null, "login_required": false, "languages": "ru", "is_home": false, "publisher_public": 12, "path": "000B", "publication_end_date": null, "navigation_extenders": "", "changed_date": "2016-12-01T16:22:00.290Z", "application_urls": "", "in_navigation": true, "publisher_is_draft": true, "placeholders": [33], "created_by": "admin", "numchild": 0, "depth": 1, "changed_by": "admin", "application_namespace": null, "publication_date": "2016-12-01T15:23:15.897Z", "site": 1, "limit_visibility_in_menu": null, "soft_root": false, "template": "Kalina_news.html", "creation_date": "2016-12-01T15:22:52.839Z", "xframe_options": 0, "revision_id": 0, "reverse_id": null}}, {"pk": 12, "model": "cms.page", "fields": {"parent": null, "login_required": false, "languages": "ru", "is_home": false, "publisher_public": 11, "path": "000C", "publication_end_date": null, "navigation_extenders": "", "changed_date": "2016-12-01T16:22:00.264Z", "application_urls": "", "in_navigation": true, "publisher_is_draft": false, "placeholders": [34], "created_by": "admin", "numchild": 0, "depth": 1, "changed_by": "admin", "application_namespace": null, "publication_date": "2016-12-01T15:23:15.897Z", "site": 1, "limit_visibility_in_menu": null, "soft_root": false, "template": "Kalina_news.html", "creation_date": "2016-12-01T15:23:15.902Z", "xframe_options": 0, "revision_id": 0, "reverse_id": null}}, {"pk": 1, "model": "cms.placeholder", "fields": {"default_width": null, "slot": "clipboard"}}, {"pk": 4, "model": "cms.placeholder", "fields": {"default_width": null, "slot": "newsblog_base_sidebar"}}, {"pk": 5, "model": "cms.placeholder", "fields": {"default_width": null, "slot": "newsblog_base_top"}}, {"pk": 6, "model": "cms.placeholder", "fields": {"default_width": null, "slot": "newsblog_detail_bottom"}}, {"pk": 7, "model": "cms.placeholder", "fields": {"default_width": null, "slot": "newsblog_detail_footer"}}, {"pk": 8, "model": "cms.placeholder", "fields": {"default_width": null, "slot": "newsblog_detail_top"}}, {"pk": 9, "model": "cms.placeholder", "fields": {"default_width": null, "slot": "newsblog_list_footer"}}, {"pk": 10, "model": "cms.placeholder", "fields": {"default_width": null, "slot": "newsblog_list_top"}}, {"pk": 11, "model": "cms.placeholder", "fields": {"default_width": null, "slot": "newsblog_article_content"}}, {"pk": 14, "model": "cms.placeholder", "fields": {"default_width": null, "slot": "newsblog_social"}}, {"pk": 15, "model": "cms.placeholder", "fields": {"default_width": null, "slot": "newsblog_social"}}, {"pk": 16, "model": "cms.placeholder", "fields": {"default_width": null, "slot": "content"}}, {"pk": 17, "model": "cms.placeholder", "fields": {"default_width": null, "slot": "content"}}, {"pk": 18, "model": "cms.placeholder", "fields": {"default_width": null, "slot": "content"}}, {"pk": 19, "model": "cms.placeholder", "fields": {"default_width": null, "slot": "sidebar"}}, {"pk": 20, "model": "cms.placeholder", "fields": {"default_width": null, "slot": "sidebar"}}, {"pk": 21, "model": "cms.placeholder", "fields": {"default_width": null, "slot": "content"}}, {"pk": 22, "model": "cms.placeholder", "fields": {"default_width": null, "slot": "newsblog_base_top"}}, {"pk": 23, "model": "cms.placeholder", "fields": {"default_width": null, "slot": "newsblog_base_sidebar"}}, {"pk": 24, "model": "cms.placeholder", "fields": {"default_width": null, "slot": "newsblog_list_top"}}, {"pk": 25, "model": "cms.placeholder", "fields": {"default_width": null, "slot": "newsblog_list_footer"}}, {"pk": 26, "model": "cms.placeholder", "fields": {"default_width": null, "slot": "newsblog_detail_top"}}, {"pk": 27, "model": "cms.placeholder", "fields": {"default_width": null, "slot": "newsblog_detail_bottom"}}, {"pk": 28, "model": "cms.placeholder", "fields": {"default_width": null, "slot": "newsblog_detail_footer"}}, {"pk": 29, "model": "cms.placeholder", "fields": {"default_width": null, "slot": "newsblog_article_content"}}, {"pk": 30, "model": "cms.placeholder", "fields": {"default_width": null, "slot": "newsblog_article_content"}}, {"pk": 31, "model": "cms.placeholder", "fields": {"default_width": null, "slot": "content"}}, {"pk": 32, "model": "cms.placeholder", "fields": {"default_width": null, "slot": "content"}}, {"pk": 33, "model": "cms.placeholder", "fields": {"default_width": null, "slot": "content"}}, {"pk": 34, "model": "cms.placeholder", "fields": {"default_width": null, "slot": "content"}}, {"pk": 35, "model": "cms.placeholder", "fields": {"default_width": null, "slot": "opportunity"}}, {"pk": 36, "model": "cms.placeholder", "fields": {"default_width": null, "slot": "opportunity"}}, {"pk": 37, "model": "cms.placeholder", "fields": {"default_width": null, "slot": "news"}}, {"pk": 38, "model": "cms.placeholder", "fields": {"default_width": null, "slot": "news"}}, {"pk": 39, "model": "cms.placeholder", "fields": {"default_width": null, "slot": "maps"}}, {"pk": 40, "model": "cms.placeholder", "fields": {"default_width": null, "slot": "maps"}}, {"pk": 41, "model": "cms.placeholder", "fields": {"default_width": null, "slot": "text_1"}}, {"pk": 42, "model": "cms.placeholder", "fields": {"default_width": null, "slot": "text_2"}}, {"pk": 43, "model": "cms.placeholder", "fields": {"default_width": null, "slot": "text_3"}}, {"pk": 44, "model": "cms.placeholder", "fields": {"default_width": null, "slot": "text_1"}}, {"pk": 45, "model": "cms.placeholder", "fields": {"default_width": null, "slot": "text_2"}}, {"pk": 46, "model": "cms.placeholder", "fields": {"default_width": null, "slot": "text_3"}}, {"pk": 47, "model": "cms.placeholder", "fields": {"default_width": null, "slot": "address"}}, {"pk": 48, "model": "cms.placeholder", "fields": {"default_width": null, "slot": "phone"}}, {"pk": 49, "model": "cms.placeholder", "fields": {"default_width": null, "slot": "your-email"}}, {"pk": 50, "model": "cms.placeholder", "fields": {"default_width": null, "slot": "email"}}, {"pk": 51, "model": "cms.placeholder", "fields": {"default_width": null, "slot": "address"}}, {"pk": 52, "model": "cms.placeholder", "fields": {"default_width": null, "slot": "phone"}}, {"pk": 53, "model": "cms.placeholder", "fields": {"default_width": null, "slot": "email"}}, {"pk": 54, "model": "cms.placeholder", "fields": {"default_width": null, "slot": "your-email"}}, {"pk": 7, "model": "cms.cmsplugin", "fields": {"plugin_type": "NewsBlogLatestArticlesPlugin", "path": "0003", "depth": 1, "changed_date": "2016-11-30T17:27:56.222Z", "creation_date": "2016-11-30T17:27:56.184Z", "position": 0, "language": "ru", "numchild": 0, "placeholder": 19, "parent": null}}, {"pk": 13, "model": "cms.cmsplugin", "fields": {"plugin_type": "TextPlugin", "path": "0005", "depth": 1, "changed_date": "2016-12-01T18:26:23.049Z", "creation_date": "2016-12-01T18:24:08.309Z", "position": 0, "language": "ru", "numchild": 1, "placeholder": 36, "parent": null}}, {"pk": 14, "model": "cms.cmsplugin", "fields": {"plugin_type": "FilerImagePlugin", "path": "00050001", "depth": 2, "changed_date": "2016-12-01T18:26:14.666Z", "creation_date": "2016-12-01T18:26:14.649Z", "position": 0, "language": "ru", "numchild": 0, "placeholder": 36, "parent": 13}}, {"pk": 15, "model": "cms.cmsplugin", "fields": {"plugin_type": "NewsBlogLatestArticlesPlugin", "path": "0006", "depth": 1, "changed_date": "2016-12-01T18:28:45.320Z", "creation_date": "2016-12-01T18:27:53.097Z", "position": 0, "language": "ru", "numchild": 0, "placeholder": 37, "parent": null}}, {"pk": 22, "model": "cms.cmsplugin", "fields": {"plugin_type": "GoogleMapPlugin", "path": "0009", "depth": 1, "changed_date": "2016-12-01T18:41:15.568Z", "creation_date": "2016-12-01T18:37:46.708Z", "position": 0, "language": "ru", "numchild": 0, "placeholder": 40, "parent": null}}, {"pk": 29, "model": "cms.cmsplugin", "fields": {"plugin_type": "NewsBlogLatestArticlesPlugin", "path": "000D", "depth": 1, "changed_date": "2016-12-01T18:51:48.868Z", "creation_date": "2016-11-30T17:27:56.184Z", "position": 0, "language": "ru", "numchild": 0, "placeholder": 20, "parent": null}}, {"pk": 30, "model": "cms.cmsplugin", "fields": {"plugin_type": "TextPlugin", "path": "000E", "depth": 1, "changed_date": "2016-12-01T19:05:19.908Z", "creation_date": "2016-12-01T19:04:05.425Z", "position": 0, "language": "ru", "numchild": 0, "placeholder": 44, "parent": null}}, {"pk": 31, "model": "cms.cmsplugin", "fields": {"plugin_type": "TextPlugin", "path": "000F", "depth": 1, "changed_date": "2016-12-01T19:05:44.167Z", "creation_date": "2016-12-01T19:05:35.047Z", "position": 0, "language": "ru", "numchild": 0, "placeholder": 45, "parent": null}}, {"pk": 32, "model": "cms.cmsplugin", "fields": {"plugin_type": "TextPlugin", "path": "000G", "depth": 1, "changed_date": "2016-12-01T19:06:14.528Z", "creation_date": "2016-12-01T19:05:54.384Z", "position": 0, "language": "ru", "numchild": 0, "placeholder": 46, "parent": null}}, {"pk": 33, "model": "cms.cmsplugin", "fields": {"plugin_type": "TextPlugin", "path": "000H", "depth": 1, "changed_date": "2016-12-01T19:07:56.204Z", "creation_date": "2016-12-01T19:07:38.781Z", "position": 0, "language": "ru", "numchild": 0, "placeholder": 47, "parent": null}}, {"pk": 34, "model": "cms.cmsplugin", "fields": {"plugin_type": "TextPlugin", "path": "000I", "depth": 1, "changed_date": "2016-12-01T19:08:20.223Z", "creation_date": "2016-12-01T19:08:06.989Z", "position": 0, "language": "ru", "numchild": 0, "placeholder": 48, "parent": null}}, {"pk": 35, "model": "cms.cmsplugin", "fields": {"plugin_type": "TextPlugin", "path": "000J", "depth": 1, "changed_date": "2016-12-01T19:08:46.089Z", "creation_date": "2016-12-01T19:08:27.600Z", "position": 0, "language": "ru", "numchild": 0, "placeholder": 50, "parent": null}}, {"pk": 36, "model": "cms.cmsplugin", "fields": {"plugin_type": "TextPlugin", "path": "000K", "depth": 1, "changed_date": "2016-12-01T19:09:01.669Z", "creation_date": "2016-12-01T18:24:08.309Z", "position": 0, "language": "ru", "numchild": 1, "placeholder": 35, "parent": null}}, {"pk": 37, "model": "cms.cmsplugin", "fields": {"plugin_type": "FilerImagePlugin", "path": "000K0001", "depth": 2, "changed_date": "2016-12-01T19:09:01.658Z", "creation_date": "2016-12-01T18:26:14.649Z", "position": 0, "language": "ru", "numchild": 0, "placeholder": 35, "parent": 36}}, {"pk": 38, "model": "cms.cmsplugin", "fields": {"plugin_type": "NewsBlogLatestArticlesPlugin", "path": "000L", "depth": 1, "changed_date": "2016-12-01T19:09:01.684Z", "creation_date": "2016-12-01T18:27:53.097Z", "position": 0, "language": "ru", "numchild": 0, "placeholder": 38, "parent": null}}, {"pk": 39, "model": "cms.cmsplugin", "fields": {"plugin_type": "GoogleMapPlugin", "path": "000M", "depth": 1, "changed_date": "2016-12-01T19:09:01.699Z", "creation_date": "2016-12-01T18:37:46.708Z", "position": 0, "language": "ru", "numchild": 0, "placeholder": 39, "parent": null}}, {"pk": 40, "model": "cms.cmsplugin", "fields": {"plugin_type": "TextPlugin", "path": "000N", "depth": 1, "changed_date": "2016-12-01T19:09:01.721Z", "creation_date": "2016-12-01T19:04:05.425Z", "position": 0, "language": "ru", "numchild": 0, "placeholder": 41, "parent": null}}, {"pk": 41, "model": "cms.cmsplugin", "fields": {"plugin_type": "TextPlugin", "path": "000O", "depth": 1, "changed_date": "2016-12-01T19:09:01.742Z", "creation_date": "2016-12-01T19:05:35.047Z", "position": 0, "language": "ru", "numchild": 0, "placeholder": 42, "parent": null}}, {"pk": 42, "model": "cms.cmsplugin", "fields": {"plugin_type": "TextPlugin", "path": "000P", "depth": 1, "changed_date": "2016-12-01T19:09:01.759Z", "creation_date": "2016-12-01T19:05:54.384Z", "position": 0, "language": "ru", "numchild": 0, "placeholder": 43, "parent": null}}, {"pk": 43, "model": "cms.cmsplugin", "fields": {"plugin_type": "TextPlugin", "path": "000Q", "depth": 1, "changed_date": "2016-12-01T19:09:01.777Z", "creation_date": "2016-12-01T19:07:38.781Z", "position": 0, "language": "ru", "numchild": 0, "placeholder": 51, "parent": null}}, {"pk": 44, "model": "cms.cmsplugin", "fields": {"plugin_type": "TextPlugin", "path": "000R", "depth": 1, "changed_date": "2016-12-01T19:09:01.795Z", "creation_date": "2016-12-01T19:08:06.989Z", "position": 0, "language": "ru", "numchild": 0, "placeholder": 52, "parent": null}}, {"pk": 45, "model": "cms.cmsplugin", "fields": {"plugin_type": "TextPlugin", "path": "000S", "depth": 1, "changed_date": "2016-12-01T19:09:01.814Z", "creation_date": "2016-12-01T19:08:27.600Z", "position": 0, "language": "ru", "numchild": 0, "placeholder": 53, "parent": null}}, {"pk": 5, "model": "cms.title", "fields": {"redirect": "", "creation_date": "2016-11-30T17:23:21.521Z", "slug": "home", "language": "ru", "title": "HOME", "page_title": "", "publisher_state": 0, "has_url_overwrite": false, "publisher_public": 6, "menu_title": "\u0411\u0418\u0417\u041d\u0415\u0421-\u0426\u0415\u041d\u0422\u0420", "meta_description": "", "path": "", "published": true, "publisher_is_draft": true, "page": 5}}, {"pk": 6, "model": "cms.title", "fields": {"redirect": "", "creation_date": "2016-11-30T17:23:21.521Z", "slug": "home", "language": "ru", "title": "HOME", "page_title": "", "publisher_state": 1, "has_url_overwrite": false, "publisher_public": 5, "menu_title": "\u0411\u0418\u0417\u041d\u0415\u0421-\u0426\u0415\u041d\u0422\u0420", "meta_description": "", "path": "", "published": true, "publisher_is_draft": false, "page": 6}}, {"pk": 7, "model": "cms.title", "fields": {"redirect": "/ru/news/", "creation_date": "2016-11-30T17:24:55.586Z", "slug": "news", "language": "ru", "title": "\u041d\u043e\u0432\u043e\u0441\u0442\u0438", "page_title": "", "publisher_state": 0, "has_url_overwrite": false, "publisher_public": 8, "menu_title": "\u041d\u041e\u0412\u041e\u0421\u0422\u0418", "meta_description": "", "path": "news", "published": true, "publisher_is_draft": true, "page": 7}}, {"pk": 8, "model": "cms.title", "fields": {"redirect": "/ru/news/", "creation_date": "2016-11-30T17:24:55.586Z", "slug": "news", "language": "ru", "title": "\u041d\u043e\u0432\u043e\u0441\u0442\u0438", "page_title": "", "publisher_state": 1, "has_url_overwrite": false, "publisher_public": 7, "menu_title": "\u041d\u041e\u0412\u041e\u0421\u0422\u0418", "meta_description": "", "path": "news", "published": true, "publisher_is_draft": false, "page": 8}}, {"pk": 9, "model": "cms.title", "fields": {"redirect": "", "creation_date": "2016-12-01T10:05:10.002Z", "slug": "contacts", "language": "ru", "title": "\u041a\u043e\u043d\u0442\u0430\u043a\u0442\u044b", "page_title": "\u041a\u043e\u043d\u0442\u0430\u043a\u0442\u044b", "publisher_state": 0, "has_url_overwrite": false, "publisher_public": 10, "menu_title": "\u041a\u041e\u041d\u0422\u0410\u041a\u0422\u042b", "meta_description": "", "path": "contacts", "published": true, "publisher_is_draft": true, "page": 9}}, {"pk": 10, "model": "cms.title", "fields": {"redirect": "", "creation_date": "2016-12-01T10:05:10.002Z", "slug": "contacts", "language": "ru", "title": "\u041a\u043e\u043d\u0442\u0430\u043a\u0442\u044b", "page_title": "\u041a\u043e\u043d\u0442\u0430\u043a\u0442\u044b", "publisher_state": 0, "has_url_overwrite": false, "publisher_public": 9, "menu_title": "\u041a\u041e\u041d\u0422\u0410\u041a\u0422\u042b", "meta_description": "", "path": "contacts", "published": true, "publisher_is_draft": false, "page": 10}}, {"pk": 11, "model": "cms.title", "fields": {"redirect": "", "creation_date": "2016-12-01T15:22:52.941Z", "slug": "arenda", "language": "ru", "title": "\u0410\u0440\u0435\u043d\u0434\u0430", "page_title": "", "publisher_state": 0, "has_url_overwrite": false, "publisher_public": 12, "menu_title": "\u0410\u0420\u0415\u041d\u0414\u0410", "meta_description": "", "path": "arenda", "published": true, "publisher_is_draft": true, "page": 11}}, {"pk": 12, "model": "cms.title", "fields": {"redirect": "", "creation_date": "2016-12-01T15:22:52.941Z", "slug": "arenda", "language": "ru", "title": "\u0410\u0440\u0435\u043d\u0434\u0430", "page_title": "", "publisher_state": 0, "has_url_overwrite": false, "publisher_public": 11, "menu_title": "\u0410\u0420\u0415\u041d\u0414\u0410", "meta_description": "", "path": "arenda", "published": true, "publisher_is_draft": false, "page": 12}}, {"pk": 1, "model": "cms.staticplaceholder", "fields": {"name": "", "draft": 14, "public": 15, "code": "newsblog_social", "dirty": false, "creation_method": "template", "site": null}}, {"pk": 1, "model": "cms.urlconfrevision", "fields": {"revision": "d355356a-30e9-42d5-9f53-9ed1f2a6f11c"}}, {"pk": 78, "model": "menus.cachekey", "fields": {"language": "ru", "key": "menu_cache_menu_nodes_ru_1_1_user", "site": 1}}, {"pk": 13, "model": "djangocms_text_ckeditor.text", "fields": {"body": "<p><cms-plugin alt=\"\u0418\u0437\u043e\u0431\u0440\u0430\u0436\u0435\u043d\u0438\u0435 - man.jpg \" id=\"14\" title=\"\u0418\u0437\u043e\u0431\u0440\u0430\u0436\u0435\u043d\u0438\u0435 - man.jpg\"></cms-plugin>\u0417\u0430\u0445\u043e\u0434\u0438\u0442\u0435 \u043a \u043d\u0430\u043c \u0432 \u0433\u043e\u0441\u0442\u0438</p>\n"}}, {"pk": 30, "model": "djangocms_text_ckeditor.text", "fields": {"body": "<p>KALINA Hall</p>\n\n<p>\u0433. \u0412\u043e\u0440\u043e\u043d\u0435\u0436, \u0443\u043b.</p>\n\n<p>\u0420\u043e\u0441\u0441\u0438\u044f</p>\n\n<p>\u00a0</p>\n"}}, {"pk": 31, "model": "djangocms_text_ckeditor.text", "fields": {"body": "<p>+79000000</p>\n"}}, {"pk": 32, "model": "djangocms_text_ckeditor.text", "fields": {"body": "<p>E-mail: mail@mail.ru</p>\n"}}, {"pk": 33, "model": "djangocms_text_ckeditor.text", "fields": {"body": "<p>\u0433. \u0412\u043e\u0440\u043e\u043d\u0435\u0436, \u0443\u043b.</p>\n\n<p>\u0420\u043e\u0441\u0441\u0438\u044f</p>\n"}}, {"pk": 34, "model": "djangocms_text_ckeditor.text", "fields": {"body": "<p>+7 (900) 777-0000</p>\n"}}, {"pk": 35, "model": "djangocms_text_ckeditor.text", "fields": {"body": "<p>E-mail:\u00a0mail@mail.ru</p>\n"}}, {"pk": 36, "model": "djangocms_text_ckeditor.text", "fields": {"body": "<p><cms-plugin title=\"\u0418\u0437\u043e\u0431\u0440\u0430\u0436\u0435\u043d\u0438\u0435 - man.jpg\" id=\"37\" alt=\"\u0418\u0437\u043e\u0431\u0440\u0430\u0436\u0435\u043d\u0438\u0435 - man.jpg \"></cms-plugin>\u0417\u0430\u0445\u043e\u0434\u0438\u0442\u0435 \u043a \u043d\u0430\u043c \u0432 \u0433\u043e\u0441\u0442\u0438</p>\n"}}, {"pk": 40, "model": "djangocms_text_ckeditor.text", "fields": {"body": "<p>KALINA Hall</p>\n\n<p>\u0433. \u0412\u043e\u0440\u043e\u043d\u0435\u0436, \u0443\u043b.</p>\n\n<p>\u0420\u043e\u0441\u0441\u0438\u044f</p>\n\n<p>\u00a0</p>\n"}}, {"pk": 41, "model": "djangocms_text_ckeditor.text", "fields": {"body": "<p>+79000000</p>\n"}}, {"pk": 42, "model": "djangocms_text_ckeditor.text", "fields": {"body": "<p>E-mail: mail@mail.ru</p>\n"}}, {"pk": 43, "model": "djangocms_text_ckeditor.text", "fields": {"body": "<p>\u0433. \u0412\u043e\u0440\u043e\u043d\u0435\u0436, \u0443\u043b.</p>\n\n<p>\u0420\u043e\u0441\u0441\u0438\u044f</p>\n"}}, {"pk": 44, "model": "djangocms_text_ckeditor.text", "fields": {"body": "<p>+7 (900) 777-0000</p>\n"}}, {"pk": 45, "model": "djangocms_text_ckeditor.text", "fields": {"body": "<p>E-mail:\u00a0mail@mail.ru</p>\n"}}, {"pk": 1, "model": "easy_thumbnails.source", "fields": {"name": "filer_public/50/f6/50f6fb5c-c547-4f00-9925-6bbd00e0f631/man.jpg", "modified": "2016-12-01T18:26:14.685Z", "storage_hash": "f9bde26a1556cd667f742bd34ec7c55e"}}, {"pk": 1, "model": "easy_thumbnails.thumbnail", "fields": {"name": "filer_public_thumbnails\\filer_public/50/f6/50f6fb5c-c547-4f00-9925-6bbd00e0f631\\man.jpg__32x32_q85_crop_subsampling-2_upscale.jpg", "modified": "2016-12-01T18:25:49.389Z", "source": 1, "storage_hash": "f9bde26a1556cd667f742bd34ec7c55e"}}, {"pk": 2, "model": "easy_thumbnails.thumbnail", "fields": {"name": "filer_public_thumbnails\\filer_public/50/f6/50f6fb5c-c547-4f00-9925-6bbd00e0f631\\man.jpg__48x48_q85_crop_subsampling-2_upscale.jpg", "modified": "2016-12-01T18:25:49.529Z", "source": 1, "storage_hash": "f9bde26a1556cd667f742bd34ec7c55e"}}, {"pk": 3, "model": "easy_thumbnails.thumbnail", "fields": {"name": "filer_public_thumbnails\\filer_public/50/f6/50f6fb5c-c547-4f00-9925-6bbd00e0f631\\man.jpg__64x64_q85_crop_subsampling-2_upscale.jpg", "modified": "2016-12-01T18:25:49.652Z", "source": 1, "storage_hash": "f9bde26a1556cd667f742bd34ec7c55e"}}, {"pk": 4, "model": "easy_thumbnails.thumbnail", "fields": {"name": "filer_public_thumbnails\\filer_public/50/f6/50f6fb5c-c547-4f00-9925-6bbd00e0f631\\man.jpg__16x16_q85_crop_subsampling-2_upscale.jpg", "modified": "2016-12-01T18:25:49.784Z", "source": 1, "storage_hash": "f9bde26a1556cd667f742bd34ec7c55e"}}, {"pk": 5, "model": "easy_thumbnails.thumbnail", "fields": {"name": "filer_public_thumbnails\\filer_public/50/f6/50f6fb5c-c547-4f00-9925-6bbd00e0f631\\man.jpg__180x180_q85_crop_subsampling-2_upscale.jpg", "modified": "2016-12-01T18:25:49.958Z", "source": 1, "storage_hash": "f9bde26a1556cd667f742bd34ec7c55e"}}, {"pk": 6, "model": "easy_thumbnails.thumbnail", "fields": {"name": "filer_public_thumbnails\\filer_public/50/f6/50f6fb5c-c547-4f00-9925-6bbd00e0f631\\man.jpg__254x252_q85_crop_subsampling-2_upscale.jpg", "modified": "2016-12-01T18:26:14.687Z", "source": 1, "storage_hash": "f9bde26a1556cd667f742bd34ec7c55e"}}, {"pk": 14, "model": "cmsplugin_filer_image.filerimage", "fields": {"free_link": "", "target_blank": false, "use_autoscale": false, "original_link": false, "alignment": null, "thumbnail_option": null, "description": "", "page_link": null, "width": null, "file_link": null, "use_original_image": false, "image": 1, "alt_text": "", "caption_text": "", "image_url": "", "height": null, "link_attributes": {}, "style": "", "crop": true, "upscale": true}}, {"pk": 37, "model": "cmsplugin_filer_image.filerimage", "fields": {"free_link": "", "target_blank": false, "use_autoscale": false, "original_link": false, "alignment": null, "thumbnail_option": null, "description": "", "page_link": null, "width": null, "file_link": null, "use_original_image": false, "image": 1, "alt_text": "", "caption_text": "", "image_url": "", "height": null, "link_attributes": {}, "style": "", "crop": true, "upscale": true}}, {"pk": 22, "model": "djangocms_googlemap.googlemap", "fields": {"fullscreen_control": true, "keyboard_shortcuts": true, "title": "", "street_view_control": true, "map_type_control": "ROADMAP", "double_click_zoom": true, "zoom": 13, "pan_control": true, "zoom_control": true, "draggable": true, "lat": 51.70455, "width": "100%", "scrollwheel": true, "style": "", "scale_control": true, "template": "default", "lng": 39.234719, "height": "400px", "rotate_control": true}}, {"pk": 39, "model": "djangocms_googlemap.googlemap", "fields": {"fullscreen_control": true, "keyboard_shortcuts": true, "title": "", "street_view_control": true, "map_type_control": "ROADMAP", "double_click_zoom": true, "zoom": 13, "pan_control": true, "zoom_control": true, "draggable": true, "lat": 51.70455, "width": "100%", "scrollwheel": true, "style": "", "scale_control": true, "template": "default", "lng": 39.234719, "height": "400px", "rotate_control": true}}, {"pk": 1, "model": "aldryn_categories.categorytranslation", "fields": {"name": "\u041d\u043e\u0432\u043e\u0441\u0442\u0438", "language_code": "ru", "master": 1, "slug": "novosti"}}, {"pk": 1, "model": "aldryn_categories.category", "fields": {"depth": 1, "rgt": 2, "tree_id": 1, "lft": 1}}, {"pk": 2, "model": "aldryn_newsblog.newsblogconfigtranslation", "fields": {"language_code": "ru", "app_title": "\u041d\u043e\u0432\u043e\u0441\u0442\u0438", "master": 2}}, {"pk": 2, "model": "aldryn_newsblog.newsblogconfig", "fields": {"placeholder_list_top": 24, "template_prefix": "", "permalink_type": "s", "placeholder_base_top": 22, "placeholder_detail_bottom": 27, "search_indexed": true, "paginate_by": 5, "placeholder_list_footer": 25, "app_data": "{\"config\": {\"default_published\": true}}", "placeholder_base_sidebar": 23, "create_authors": true, "non_permalink_handling": 302, "type": "aldryn_newsblog.cms_appconfig.NewsBlogConfig", "pagination_pages_start": 10, "pagination_pages_visible": 4, "placeholder_detail_footer": 28, "namespace": "Blog", "placeholder_detail_top": 26, "exclude_featured": 0}}, {"pk": 2, "model": "aldryn_newsblog.articletranslation", "fields": {"meta_description": "", "meta_keywords": "", "search_data": "", "slug": "pervaia-statia", "lead_in": "<p>\u041f\u0435\u0440\u0432\u0430\u044f</p>\n", "language_code": "ru", "title": "\u041f\u0435\u0440\u0432\u0430\u044f \u0441\u0442\u0430\u0442\u044c\u044f", "meta_title": "", "master": 2}}, {"pk": 3, "model": "aldryn_newsblog.articletranslation", "fields": {"meta_description": "", "meta_keywords": "", "search_data": "", "slug": "vtoraia", "lead_in": "", "language_code": "ru", "title": "\u0412\u0442\u043e\u0440\u0430\u044f", "meta_title": "", "master": 3}}, {"pk": 7, "model": "aldryn_newsblog.newsbloglatestarticlesplugin", "fields": {"cache_duration": 0, "latest_articles": 5, "app_config": 2, "exclude_featured": 0}}, {"pk": 15, "model": "aldryn_newsblog.newsbloglatestarticlesplugin", "fields": {"cache_duration": 0, "latest_articles": 3, "app_config": 2, "exclude_featured": 1}}, {"pk": 29, "model": "aldryn_newsblog.newsbloglatestarticlesplugin", "fields": {"cache_duration": 0, "latest_articles": 5, "app_config": 2, "exclude_featured": 0}}, {"pk": 38, "model": "aldryn_newsblog.newsbloglatestarticlesplugin", "fields": {"cache_duration": 0, "latest_articles": 3, "app_config": 2, "exclude_featured": 1}}, {"pk": 1, "model": "aldryn_people.persontranslation", "fields": {"name": " ", "description": "", "function": "", "slug": "", "language_code": "ru", "master": 1}}, {"pk": 1, "model": "reversion.version", "fields": {"object_repr": "ru", "revision": 1, "format": "json", "object_id_int": 1, "object_id": "1", "content_type": 50, "serialized_data": "[{\"fields\": {\"language_code\": \"ru\", \"app_title\": \"News & Blog\", \"master\": 1}, \"pk\": 1, \"model\": \"aldryn_newsblog.newsblogconfigtranslation\"}]"}}, {"pk": 2, "model": "reversion.version", "fields": {"object_repr": "1", "revision": 1, "format": "json", "object_id_int": 1, "object_id": "1", "content_type": 65, "serialized_data": "[{\"fields\": {\"website\": null, \"email\": \"\", \"vcard_enabled\": true, \"visual\": null, \"phone\": null, \"fax\": null, \"user\": 1, \"mobile\": null, \"groups\": []}, \"pk\": 1, \"model\": \"aldryn_people.person\"}]"}}, {"pk": 3, "model": "reversion.version", "fields": {"object_repr": "ru", "revision": 1, "format": "json", "object_id_int": 1, "object_id": "1", "content_type": 64, "serialized_data": "[{\"fields\": {\"name\": \" \", \"language_code\": \"ru\", \"master\": 1, \"slug\": \"\", \"function\": \"\", \"description\": \"\"}, \"pk\": 1, \"model\": \"aldryn_people.persontranslation\"}]"}}, {"pk": 4, "model": "reversion.version", "fields": {"object_repr": "newsblog_base_top", "revision": 1, "format": "json", "object_id_int": 5, "object_id": "5", "content_type": 1, "serialized_data": "[{\"fields\": {\"default_width\": null, \"slot\": \"newsblog_base_top\"}, \"pk\": 5, \"model\": \"cms.placeholder\"}]"}}, {"pk": 5, "model": "reversion.version", "fields": {"object_repr": "newsblog_detail_bottom", "revision": 1, "format": "json", "object_id_int": 6, "object_id": "6", "content_type": 1, "serialized_data": "[{\"fields\": {\"default_width\": null, \"slot\": \"newsblog_detail_bottom\"}, \"pk\": 6, \"model\": \"cms.placeholder\"}]"}}, {"pk": 6, "model": "reversion.version", "fields": {"object_repr": "NewsBlog / aldryn_newsblog_default", "revision": 1, "format": "json", "object_id_int": 1, "object_id": "1", "content_type": 51, "serialized_data": "[{\"fields\": {\"placeholder_detail_bottom\": 6, \"type\": \"aldryn_newsblog.cms_appconfig.NewsBlogConfig\", \"permalink_type\": \"slug\", \"placeholder_list_top\": 10, \"placeholder_list_footer\": 9, \"placeholder_detail_top\": 8, \"search_indexed\": true, \"placeholder_detail_footer\": 7, \"template_prefix\": null, \"exclude_featured\": 0, \"app_data\": \"{\\\"config\\\": {}}\", \"pagination_pages_start\": 10, \"pagination_pages_visible\": 4, \"namespace\": \"aldryn_newsblog_default\", \"non_permalink_handling\": 302, \"paginate_by\": 5, \"placeholder_base_sidebar\": 4, \"placeholder_base_top\": 5, \"create_authors\": true}, \"pk\": 1, \"model\": \"aldryn_newsblog.newsblogconfig\"}]"}}, {"pk": 7, "model": "reversion.version", "fields": {"object_repr": "newsblog_detail_top", "revision": 1, "format": "json", "object_id_int": 8, "object_id": "8", "content_type": 1, "serialized_data": "[{\"fields\": {\"default_width\": null, \"slot\": \"newsblog_detail_top\"}, \"pk\": 8, \"model\": \"cms.placeholder\"}]"}}, {"pk": 8, "model": "reversion.version", "fields": {"object_repr": "newsblog_list_footer", "revision": 1, "format": "json", "object_id_int": 9, "object_id": "9", "content_type": 1, "serialized_data": "[{\"fields\": {\"default_width\": null, \"slot\": \"newsblog_list_footer\"}, \"pk\": 9, \"model\": \"cms.placeholder\"}]"}}, {"pk": 9, "model": "reversion.version", "fields": {"object_repr": "ru", "revision": 1, "format": "json", "object_id_int": 1, "object_id": "1", "content_type": 52, "serialized_data": "[{\"fields\": {\"language_code\": \"ru\", \"search_data\": \"\", \"meta_keywords\": \"\", \"title\": \"\\u041f\\u0440\\u0438\\u043c\\u0435\\u0440 \\u0441\\u0442\\u0430\\u0442\\u044c\\u0438\", \"meta_title\": \"\", \"meta_description\": \"\", \"lead_in\": \"\", \"master\": 1, \"slug\": \"primer-stati\"}, \"pk\": 1, \"model\": \"aldryn_newsblog.articletranslation\"}]"}}, {"pk": 10, "model": "reversion.version", "fields": {"object_repr": "newsblog_article_content", "revision": 1, "format": "json", "object_id_int": 11, "object_id": "11", "content_type": 1, "serialized_data": "[{\"fields\": {\"default_width\": null, \"slot\": \"newsblog_article_content\"}, \"pk\": 11, \"model\": \"cms.placeholder\"}]"}}, {"pk": 11, "model": "reversion.version", "fields": {"object_repr": "admin", "revision": 1, "format": "json", "object_id_int": 1, "object_id": "1", "content_type": 5, "serialized_data": "[{\"fields\": {\"password\": \"pbkdf2_sha256$20000$2Rw7ivOLE6Sm$yBi5P9vo7Gge+ZuE61c40LvlYmhG9AaIVNPmpd/O/ac=\", \"date_joined\": \"2016-11-30T09:41:32.296Z\", \"groups\": [], \"first_name\": \"\", \"user_permissions\": [], \"email\": \"admin@admin.com\", \"last_login\": \"2016-11-30T09:44:19.892Z\", \"is_active\": true, \"is_staff\": true, \"is_superuser\": true, \"last_name\": \"\", \"username\": \"admin\"}, \"pk\": 1, \"model\": \"auth.user\"}]"}}, {"pk": 12, "model": "reversion.version", "fields": {"object_repr": "\u041f\u0440\u0438\u043c\u0435\u0440 \u0441\u0442\u0430\u0442\u044c\u0438", "revision": 1, "format": "json", "object_id_int": 1, "object_id": "1", "content_type": 53, "serialized_data": "[{\"fields\": {\"categories\": [], \"related\": [], \"app_config\": 1, \"author\": 1, \"featured_image\": null, \"owner\": 1, \"is_featured\": false, \"is_published\": true, \"publishing_date\": \"2016-11-30T20:08:55+03:00\", \"content\": 11}, \"pk\": 1, \"model\": \"aldryn_newsblog.article\"}]"}}, {"pk": 13, "model": "reversion.version", "fields": {"object_repr": "newsblog_detail_footer", "revision": 1, "format": "json", "object_id_int": 7, "object_id": "7", "content_type": 1, "serialized_data": "[{\"fields\": {\"default_width\": null, \"slot\": \"newsblog_detail_footer\"}, \"pk\": 7, \"model\": \"cms.placeholder\"}]"}}, {"pk": 14, "model": "reversion.version", "fields": {"object_repr": "newsblog_base_sidebar", "revision": 1, "format": "json", "object_id_int": 4, "object_id": "4", "content_type": 1, "serialized_data": "[{\"fields\": {\"default_width\": null, \"slot\": \"newsblog_base_sidebar\"}, \"pk\": 4, \"model\": \"cms.placeholder\"}]"}}, {"pk": 15, "model": "reversion.version", "fields": {"object_repr": "newsblog_list_top", "revision": 1, "format": "json", "object_id_int": 10, "object_id": "10", "content_type": 1, "serialized_data": "[{\"fields\": {\"default_width\": null, \"slot\": \"newsblog_list_top\"}, \"pk\": 10, \"model\": \"cms.placeholder\"}]"}}, {"pk": 16, "model": "reversion.version", "fields": {"object_repr": "\u041f\u0440\u0438\u043c\u0435\u0440 \u0441\u0442\u0430\u0442\u044c\u0438", "revision": 2, "format": "json", "object_id_int": 1, "object_id": "1", "content_type": 53, "serialized_data": "[{\"fields\": {\"categories\": [], \"related\": [], \"app_config\": 1, \"author\": 1, \"featured_image\": null, \"owner\": 1, \"is_featured\": false, \"is_published\": true, \"publishing_date\": \"2016-11-30T17:08:55Z\", \"content\": 11}, \"pk\": 1, \"model\": \"aldryn_newsblog.article\"}]"}}, {"pk": 17, "model": "reversion.version", "fields": {"object_repr": "3", "revision": 2, "format": "json", "object_id_int": 3, "object_id": "3", "content_type": 15, "serialized_data": "[{\"fields\": {\"path\": \"0003\", \"plugin_type\": \"NewsBlogLatestArticlesPlugin\", \"creation_date\": \"2016-11-30T17:16:29.258Z\", \"changed_date\": \"2016-11-30T17:16:29.297Z\", \"placeholder\": 11, \"numchild\": 0, \"depth\": 1, \"position\": 0, \"parent\": null, \"language\": \"ru\"}, \"pk\": 3, \"model\": \"cms.cmsplugin\"}]"}}, {"pk": 18, "model": "reversion.version", "fields": {"object_repr": "NewsBlog / aldryn_newsblog_default", "revision": 2, "format": "json", "object_id_int": 1, "object_id": "1", "content_type": 51, "serialized_data": "[{\"fields\": {\"placeholder_detail_bottom\": 6, \"type\": \"aldryn_newsblog.cms_appconfig.NewsBlogConfig\", \"permalink_type\": \"slug\", \"placeholder_list_top\": 10, \"placeholder_list_footer\": 9, \"placeholder_detail_top\": 8, \"search_indexed\": true, \"placeholder_detail_footer\": 7, \"template_prefix\": null, \"exclude_featured\": 0, \"app_data\": \"{\\\"config\\\": {}}\", \"pagination_pages_start\": 10, \"pagination_pages_visible\": 4, \"namespace\": \"aldryn_newsblog_default\", \"non_permalink_handling\": 302, \"paginate_by\": 5, \"placeholder_base_sidebar\": 4, \"placeholder_base_top\": 5, \"create_authors\": true}, \"pk\": 1, \"model\": \"aldryn_newsblog.newsblogconfig\"}]"}}, {"pk": 19, "model": "reversion.version", "fields": {"object_repr": "newsblog_base_top", "revision": 2, "format": "json", "object_id_int": 5, "object_id": "5", "content_type": 1, "serialized_data": "[{\"fields\": {\"default_width\": null, \"slot\": \"newsblog_base_top\"}, \"pk\": 5, \"model\": \"cms.placeholder\"}]"}}, {"pk": 20, "model": "reversion.version", "fields": {"object_repr": "newsblog_detail_bottom", "revision": 2, "format": "json", "object_id_int": 6, "object_id": "6", "content_type": 1, "serialized_data": "[{\"fields\": {\"default_width\": null, \"slot\": \"newsblog_detail_bottom\"}, \"pk\": 6, \"model\": \"cms.placeholder\"}]"}}, {"pk": 21, "model": "reversion.version", "fields": {"object_repr": "ru", "revision": 2, "format": "json", "object_id_int": 1, "object_id": "1", "content_type": 50, "serialized_data": "[{\"fields\": {\"language_code\": \"ru\", \"app_title\": \"News & Blog\", \"master\": 1}, \"pk\": 1, \"model\": \"aldryn_newsblog.newsblogconfigtranslation\"}]"}}, {"pk": 22, "model": "reversion.version", "fields": {"object_repr": "newsblog_detail_top", "revision": 2, "format": "json", "object_id_int": 8, "object_id": "8", "content_type": 1, "serialized_data": "[{\"fields\": {\"default_width\": null, \"slot\": \"newsblog_detail_top\"}, \"pk\": 8, \"model\": \"cms.placeholder\"}]"}}, {"pk": 23, "model": "reversion.version", "fields": {"object_repr": "newsblog_list_footer", "revision": 2, "format": "json", "object_id_int": 9, "object_id": "9", "content_type": 1, "serialized_data": "[{\"fields\": {\"default_width\": null, \"slot\": \"newsblog_list_footer\"}, \"pk\": 9, \"model\": \"cms.placeholder\"}]"}}, {"pk": 24, "model": "reversion.version", "fields": {"object_repr": "newsblog_list_top", "revision": 2, "format": "json", "object_id_int": 10, "object_id": "10", "content_type": 1, "serialized_data": "[{\"fields\": {\"default_width\": null, \"slot\": \"newsblog_list_top\"}, \"pk\": 10, \"model\": \"cms.placeholder\"}]"}}, {"pk": 25, "model": "reversion.version", "fields": {"object_repr": "newsblog_detail_footer", "revision": 2, "format": "json", "object_id_int": 7, "object_id": "7", "content_type": 1, "serialized_data": "[{\"fields\": {\"default_width\": null, \"slot\": \"newsblog_detail_footer\"}, \"pk\": 7, \"model\": \"cms.placeholder\"}]"}}, {"pk": 26, "model": "reversion.version", "fields": {"object_repr": "newsblog_article_content", "revision": 2, "format": "json", "object_id_int": 11, "object_id": "11", "content_type": 1, "serialized_data": "[{\"fields\": {\"default_width\": null, \"slot\": \"newsblog_article_content\"}, \"pk\": 11, \"model\": \"cms.placeholder\"}]"}}, {"pk": 27, "model": "reversion.version", "fields": {"object_repr": "News & Blog latest articles: 5", "revision": 2, "format": "json", "object_id_int": 3, "object_id": "3", "content_type": 59, "serialized_data": "[{\"fields\": {\"exclude_featured\": 0, \"app_config\": 1, \"cache_duration\": 0, \"latest_articles\": 5}, \"pk\": 3, \"model\": \"aldryn_newsblog.newsbloglatestarticlesplugin\"}]"}}, {"pk": 28, "model": "reversion.version", "fields": {"object_repr": "ru", "revision": 2, "format": "json", "object_id_int": 1, "object_id": "1", "content_type": 52, "serialized_data": "[{\"fields\": {\"language_code\": \"ru\", \"search_data\": \"\", \"meta_keywords\": \"\", \"title\": \"\\u041f\\u0440\\u0438\\u043c\\u0435\\u0440 \\u0441\\u0442\\u0430\\u0442\\u044c\\u0438\", \"meta_title\": \"\", \"meta_description\": \"\", \"lead_in\": \"\", \"master\": 1, \"slug\": \"primer-stati\"}, \"pk\": 1, \"model\": \"aldryn_newsblog.articletranslation\"}]"}}, {"pk": 29, "model": "reversion.version", "fields": {"object_repr": "newsblog_base_sidebar", "revision": 2, "format": "json", "object_id_int": 4, "object_id": "4", "content_type": 1, "serialized_data": "[{\"fields\": {\"default_width\": null, \"slot\": \"newsblog_base_sidebar\"}, \"pk\": 4, \"model\": \"cms.placeholder\"}]"}}, {"pk": 30, "model": "reversion.version", "fields": {"object_repr": "NewsBlog / Blog", "revision": 3, "format": "json", "object_id_int": 2, "object_id": "2", "content_type": 51, "serialized_data": "[{\"fields\": {\"non_permalink_handling\": 302, \"pagination_pages_start\": 10, \"template_prefix\": \"\", \"exclude_featured\": 0, \"placeholder_list_top\": 24, \"search_indexed\": true, \"placeholder_detail_top\": 26, \"placeholder_list_footer\": 25, \"placeholder_detail_bottom\": 27, \"placeholder_detail_footer\": 28, \"pagination_pages_visible\": 4, \"namespace\": \"Blog\", \"create_authors\": true, \"permalink_type\": \"s\", \"app_data\": \"{\\\"config\\\": {\\\"default_published\\\": false}}\", \"paginate_by\": 5, \"type\": \"aldryn_newsblog.cms_appconfig.NewsBlogConfig\", \"placeholder_base_top\": 22, \"placeholder_base_sidebar\": 23}, \"model\": \"aldryn_newsblog.newsblogconfig\", \"pk\": 2}]"}}, {"pk": 31, "model": "reversion.version", "fields": {"object_repr": "newsblog_base_top", "revision": 3, "format": "json", "object_id_int": 22, "object_id": "22", "content_type": 1, "serialized_data": "[{\"fields\": {\"default_width\": null, \"slot\": \"newsblog_base_top\"}, \"model\": \"cms.placeholder\", \"pk\": 22}]"}}, {"pk": 32, "model": "reversion.version", "fields": {"object_repr": "newsblog_base_sidebar", "revision": 3, "format": "json", "object_id_int": 23, "object_id": "23", "content_type": 1, "serialized_data": "[{\"fields\": {\"default_width\": null, \"slot\": \"newsblog_base_sidebar\"}, \"model\": \"cms.placeholder\", \"pk\": 23}]"}}, {"pk": 33, "model": "reversion.version", "fields": {"object_repr": "newsblog_list_top", "revision": 3, "format": "json", "object_id_int": 24, "object_id": "24", "content_type": 1, "serialized_data": "[{\"fields\": {\"default_width\": null, \"slot\": \"newsblog_list_top\"}, \"model\": \"cms.placeholder\", \"pk\": 24}]"}}, {"pk": 34, "model": "reversion.version", "fields": {"object_repr": "newsblog_list_footer", "revision": 3, "format": "json", "object_id_int": 25, "object_id": "25", "content_type": 1, "serialized_data": "[{\"fields\": {\"default_width\": null, \"slot\": \"newsblog_list_footer\"}, \"model\": \"cms.placeholder\", \"pk\": 25}]"}}, {"pk": 35, "model": "reversion.version", "fields": {"object_repr": "newsblog_detail_top", "revision": 3, "format": "json", "object_id_int": 26, "object_id": "26", "content_type": 1, "serialized_data": "[{\"fields\": {\"default_width\": null, \"slot\": \"newsblog_detail_top\"}, \"model\": \"cms.placeholder\", \"pk\": 26}]"}}, {"pk": 36, "model": "reversion.version", "fields": {"object_repr": "newsblog_detail_bottom", "revision": 3, "format": "json", "object_id_int": 27, "object_id": "27", "content_type": 1, "serialized_data": "[{\"fields\": {\"default_width\": null, \"slot\": \"newsblog_detail_bottom\"}, \"model\": \"cms.placeholder\", \"pk\": 27}]"}}, {"pk": 37, "model": "reversion.version", "fields": {"object_repr": "newsblog_detail_footer", "revision": 3, "format": "json", "object_id_int": 28, "object_id": "28", "content_type": 1, "serialized_data": "[{\"fields\": {\"default_width\": null, \"slot\": \"newsblog_detail_footer\"}, \"model\": \"cms.placeholder\", \"pk\": 28}]"}}, {"pk": 38, "model": "reversion.version", "fields": {"object_repr": "ru", "revision": 3, "format": "json", "object_id_int": 2, "object_id": "2", "content_type": 50, "serialized_data": "[{\"fields\": {\"language_code\": \"ru\", \"master\": 2, \"app_title\": \"blog\"}, \"model\": \"aldryn_newsblog.newsblogconfigtranslation\", \"pk\": 2}]"}}, {"pk": 39, "model": "reversion.version", "fields": {"object_repr": "ru", "revision": 4, "format": "json", "object_id_int": 2, "object_id": "2", "content_type": 50, "serialized_data": "[{\"fields\": {\"language_code\": \"ru\", \"master\": 2, \"app_title\": \"blog\"}, \"model\": \"aldryn_newsblog.newsblogconfigtranslation\", \"pk\": 2}]"}}, {"pk": 40, "model": "reversion.version", "fields": {"object_repr": "NewsBlog / Blog", "revision": 4, "format": "json", "object_id_int": 2, "object_id": "2", "content_type": 51, "serialized_data": "[{\"fields\": {\"non_permalink_handling\": 302, \"pagination_pages_start\": 10, \"template_prefix\": \"\", \"exclude_featured\": 0, \"placeholder_list_top\": 24, \"search_indexed\": true, \"placeholder_detail_top\": 26, \"placeholder_list_footer\": 25, \"placeholder_detail_bottom\": 27, \"placeholder_detail_footer\": 28, \"pagination_pages_visible\": 4, \"namespace\": \"Blog\", \"create_authors\": true, \"permalink_type\": \"s\", \"app_data\": \"{\\\"config\\\": {\\\"default_published\\\": false}}\", \"paginate_by\": 5, \"type\": \"aldryn_newsblog.cms_appconfig.NewsBlogConfig\", \"placeholder_base_top\": 22, \"placeholder_base_sidebar\": 23}, \"model\": \"aldryn_newsblog.newsblogconfig\", \"pk\": 2}]"}}, {"pk": 41, "model": "reversion.version", "fields": {"object_repr": "ru", "revision": 4, "format": "json", "object_id_int": 2, "object_id": "2", "content_type": 52, "serialized_data": "[{\"fields\": {\"slug\": \"pervaia-statia\", \"master\": 2, \"title\": \"\\u041f\\u0435\\u0440\\u0432\\u0430\\u044f \\u0441\\u0442\\u0430\\u0442\\u044c\\u044f\", \"meta_description\": \"\", \"search_data\": \"\", \"meta_title\": \"\", \"language_code\": \"ru\", \"lead_in\": \"<p>\\u041f\\u0435\\u0440\\u0432\\u0430\\u044f</p>\\n\", \"meta_keywords\": \"\"}, \"model\": \"aldryn_newsblog.articletranslation\", \"pk\": 2}]"}}, {"pk": 42, "model": "reversion.version", "fields": {"object_repr": "newsblog_base_top", "revision": 4, "format": "json", "object_id_int": 22, "object_id": "22", "content_type": 1, "serialized_data": "[{\"fields\": {\"default_width\": null, \"slot\": \"newsblog_base_top\"}, \"model\": \"cms.placeholder\", \"pk\": 22}]"}}, {"pk": 43, "model": "reversion.version", "fields": {"object_repr": "newsblog_base_sidebar", "revision": 4, "format": "json", "object_id_int": 23, "object_id": "23", "content_type": 1, "serialized_data": "[{\"fields\": {\"default_width\": null, \"slot\": \"newsblog_base_sidebar\"}, \"model\": \"cms.placeholder\", \"pk\": 23}]"}}, {"pk": 44, "model": "reversion.version", "fields": {"object_repr": "newsblog_list_top", "revision": 4, "format": "json", "object_id_int": 24, "object_id": "24", "content_type": 1, "serialized_data": "[{\"fields\": {\"default_width\": null, \"slot\": \"newsblog_list_top\"}, \"model\": \"cms.placeholder\", \"pk\": 24}]"}}, {"pk": 45, "model": "reversion.version", "fields": {"object_repr": "newsblog_list_footer", "revision": 4, "format": "json", "object_id_int": 25, "object_id": "25", "content_type": 1, "serialized_data": "[{\"fields\": {\"default_width\": null, \"slot\": \"newsblog_list_footer\"}, \"model\": \"cms.placeholder\", \"pk\": 25}]"}}, {"pk": 46, "model": "reversion.version", "fields": {"object_repr": "newsblog_detail_top", "revision": 4, "format": "json", "object_id_int": 26, "object_id": "26", "content_type": 1, "serialized_data": "[{\"fields\": {\"default_width\": null, \"slot\": \"newsblog_detail_top\"}, \"model\": \"cms.placeholder\", \"pk\": 26}]"}}, {"pk": 47, "model": "reversion.version", "fields": {"object_repr": "newsblog_detail_bottom", "revision": 4, "format": "json", "object_id_int": 27, "object_id": "27", "content_type": 1, "serialized_data": "[{\"fields\": {\"default_width\": null, \"slot\": \"newsblog_detail_bottom\"}, \"model\": \"cms.placeholder\", \"pk\": 27}]"}}, {"pk": 48, "model": "reversion.version", "fields": {"object_repr": "newsblog_detail_footer", "revision": 4, "format": "json", "object_id_int": 28, "object_id": "28", "content_type": 1, "serialized_data": "[{\"fields\": {\"default_width\": null, \"slot\": \"newsblog_detail_footer\"}, \"model\": \"cms.placeholder\", \"pk\": 28}]"}}, {"pk": 49, "model": "reversion.version", "fields": {"object_repr": "newsblog_article_content", "revision": 4, "format": "json", "object_id_int": 29, "object_id": "29", "content_type": 1, "serialized_data": "[{\"fields\": {\"default_width\": null, \"slot\": \"newsblog_article_content\"}, \"model\": \"cms.placeholder\", \"pk\": 29}]"}}, {"pk": 50, "model": "reversion.version", "fields": {"object_repr": "\u041f\u0435\u0440\u0432\u0430\u044f \u0441\u0442\u0430\u0442\u044c\u044f", "revision": 4, "format": "json", "object_id_int": 2, "object_id": "2", "content_type": 53, "serialized_data": "[{\"fields\": {\"publishing_date\": \"2016-11-30T20:28:10+03:00\", \"owner\": 1, \"categories\": [], \"related\": [], \"app_config\": 2, \"featured_image\": null, \"content\": 29, \"is_published\": false, \"is_featured\": false, \"author\": 1}, \"model\": \"aldryn_newsblog.article\", \"pk\": 2}]"}}, {"pk": 51, "model": "reversion.version", "fields": {"object_repr": "NewsBlog / Blog", "revision": 5, "format": "json", "object_id_int": 2, "object_id": "2", "content_type": 51, "serialized_data": "[{\"fields\": {\"non_permalink_handling\": 302, \"pagination_pages_start\": 10, \"template_prefix\": \"\", \"exclude_featured\": 0, \"placeholder_list_top\": 24, \"search_indexed\": true, \"placeholder_detail_top\": 26, \"placeholder_list_footer\": 25, \"placeholder_detail_bottom\": 27, \"placeholder_detail_footer\": 28, \"pagination_pages_visible\": 4, \"namespace\": \"Blog\", \"create_authors\": true, \"permalink_type\": \"s\", \"app_data\": \"{\\\"config\\\": {\\\"default_published\\\": true}}\", \"paginate_by\": 5, \"type\": \"aldryn_newsblog.cms_appconfig.NewsBlogConfig\", \"placeholder_base_top\": 22, \"placeholder_base_sidebar\": 23}, \"model\": \"aldryn_newsblog.newsblogconfig\", \"pk\": 2}]"}}, {"pk": 52, "model": "reversion.version", "fields": {"object_repr": "newsblog_base_top", "revision": 5, "format": "json", "object_id_int": 22, "object_id": "22", "content_type": 1, "serialized_data": "[{\"fields\": {\"default_width\": null, \"slot\": \"newsblog_base_top\"}, \"model\": \"cms.placeholder\", \"pk\": 22}]"}}, {"pk": 53, "model": "reversion.version", "fields": {"object_repr": "newsblog_base_sidebar", "revision": 5, "format": "json", "object_id_int": 23, "object_id": "23", "content_type": 1, "serialized_data": "[{\"fields\": {\"default_width\": null, \"slot\": \"newsblog_base_sidebar\"}, \"model\": \"cms.placeholder\", \"pk\": 23}]"}}, {"pk": 54, "model": "reversion.version", "fields": {"object_repr": "newsblog_list_top", "revision": 5, "format": "json", "object_id_int": 24, "object_id": "24", "content_type": 1, "serialized_data": "[{\"fields\": {\"default_width\": null, \"slot\": \"newsblog_list_top\"}, \"model\": \"cms.placeholder\", \"pk\": 24}]"}}, {"pk": 55, "model": "reversion.version", "fields": {"object_repr": "newsblog_list_footer", "revision": 5, "format": "json", "object_id_int": 25, "object_id": "25", "content_type": 1, "serialized_data": "[{\"fields\": {\"default_width\": null, \"slot\": \"newsblog_list_footer\"}, \"model\": \"cms.placeholder\", \"pk\": 25}]"}}, {"pk": 56, "model": "reversion.version", "fields": {"object_repr": "newsblog_detail_top", "revision": 5, "format": "json", "object_id_int": 26, "object_id": "26", "content_type": 1, "serialized_data": "[{\"fields\": {\"default_width\": null, \"slot\": \"newsblog_detail_top\"}, \"model\": \"cms.placeholder\", \"pk\": 26}]"}}, {"pk": 57, "model": "reversion.version", "fields": {"object_repr": "newsblog_detail_bottom", "revision": 5, "format": "json", "object_id_int": 27, "object_id": "27", "content_type": 1, "serialized_data": "[{\"fields\": {\"default_width\": null, \"slot\": \"newsblog_detail_bottom\"}, \"model\": \"cms.placeholder\", \"pk\": 27}]"}}, {"pk": 58, "model": "reversion.version", "fields": {"object_repr": "newsblog_detail_footer", "revision": 5, "format": "json", "object_id_int": 28, "object_id": "28", "content_type": 1, "serialized_data": "[{\"fields\": {\"default_width\": null, \"slot\": \"newsblog_detail_footer\"}, \"model\": \"cms.placeholder\", \"pk\": 28}]"}}, {"pk": 59, "model": "reversion.version", "fields": {"object_repr": "ru", "revision": 5, "format": "json", "object_id_int": 2, "object_id": "2", "content_type": 50, "serialized_data": "[{\"fields\": {\"language_code\": \"ru\", \"master\": 2, \"app_title\": \"blog\"}, \"model\": \"aldryn_newsblog.newsblogconfigtranslation\", \"pk\": 2}]"}}, {"pk": 60, "model": "reversion.version", "fields": {"object_repr": "NewsBlog / Blog", "revision": 6, "format": "json", "object_id_int": 2, "object_id": "2", "content_type": 51, "serialized_data": "[{\"fields\": {\"non_permalink_handling\": 302, \"pagination_pages_start\": 10, \"template_prefix\": \"\", \"exclude_featured\": 0, \"placeholder_list_top\": 24, \"search_indexed\": true, \"placeholder_detail_top\": 26, \"placeholder_list_footer\": 25, \"placeholder_detail_bottom\": 27, \"placeholder_detail_footer\": 28, \"pagination_pages_visible\": 4, \"namespace\": \"Blog\", \"create_authors\": true, \"permalink_type\": \"s\", \"app_data\": \"{\\\"config\\\": {\\\"default_published\\\": true}}\", \"paginate_by\": 5, \"type\": \"aldryn_newsblog.cms_appconfig.NewsBlogConfig\", \"placeholder_base_top\": 22, \"placeholder_base_sidebar\": 23}, \"model\": \"aldryn_newsblog.newsblogconfig\", \"pk\": 2}]"}}, {"pk": 61, "model": "reversion.version", "fields": {"object_repr": "newsblog_base_top", "revision": 6, "format": "json", "object_id_int": 22, "object_id": "22", "content_type": 1, "serialized_data": "[{\"fields\": {\"default_width\": null, \"slot\": \"newsblog_base_top\"}, \"model\": \"cms.placeholder\", \"pk\": 22}]"}}, {"pk": 62, "model": "reversion.version", "fields": {"object_repr": "newsblog_base_sidebar", "revision": 6, "format": "json", "object_id_int": 23, "object_id": "23", "content_type": 1, "serialized_data": "[{\"fields\": {\"default_width\": null, \"slot\": \"newsblog_base_sidebar\"}, \"model\": \"cms.placeholder\", \"pk\": 23}]"}}, {"pk": 63, "model": "reversion.version", "fields": {"object_repr": "newsblog_list_top", "revision": 6, "format": "json", "object_id_int": 24, "object_id": "24", "content_type": 1, "serialized_data": "[{\"fields\": {\"default_width\": null, \"slot\": \"newsblog_list_top\"}, \"model\": \"cms.placeholder\", \"pk\": 24}]"}}, {"pk": 64, "model": "reversion.version", "fields": {"object_repr": "newsblog_list_footer", "revision": 6, "format": "json", "object_id_int": 25, "object_id": "25", "content_type": 1, "serialized_data": "[{\"fields\": {\"default_width\": null, \"slot\": \"newsblog_list_footer\"}, \"model\": \"cms.placeholder\", \"pk\": 25}]"}}, {"pk": 65, "model": "reversion.version", "fields": {"object_repr": "newsblog_detail_top", "revision": 6, "format": "json", "object_id_int": 26, "object_id": "26", "content_type": 1, "serialized_data": "[{\"fields\": {\"default_width\": null, \"slot\": \"newsblog_detail_top\"}, \"model\": \"cms.placeholder\", \"pk\": 26}]"}}, {"pk": 66, "model": "reversion.version", "fields": {"object_repr": "newsblog_detail_bottom", "revision": 6, "format": "json", "object_id_int": 27, "object_id": "27", "content_type": 1, "serialized_data": "[{\"fields\": {\"default_width\": null, \"slot\": \"newsblog_detail_bottom\"}, \"model\": \"cms.placeholder\", \"pk\": 27}]"}}, {"pk": 67, "model": "reversion.version", "fields": {"object_repr": "newsblog_detail_footer", "revision": 6, "format": "json", "object_id_int": 28, "object_id": "28", "content_type": 1, "serialized_data": "[{\"fields\": {\"default_width\": null, \"slot\": \"newsblog_detail_footer\"}, \"model\": \"cms.placeholder\", \"pk\": 28}]"}}, {"pk": 68, "model": "reversion.version", "fields": {"object_repr": "ru", "revision": 6, "format": "json", "object_id_int": 2, "object_id": "2", "content_type": 50, "serialized_data": "[{\"fields\": {\"language_code\": \"ru\", \"master\": 2, \"app_title\": \"Blog\"}, \"model\": \"aldryn_newsblog.newsblogconfigtranslation\", \"pk\": 2}]"}}, {"pk": 69, "model": "reversion.version", "fields": {"object_repr": "NewsBlog / Blog", "revision": 7, "format": "json", "object_id_int": 2, "object_id": "2", "content_type": 51, "serialized_data": "[{\"fields\": {\"non_permalink_handling\": 302, \"pagination_pages_start\": 10, \"template_prefix\": \"\", \"exclude_featured\": 0, \"placeholder_list_top\": 24, \"search_indexed\": true, \"placeholder_detail_top\": 26, \"placeholder_list_footer\": 25, \"placeholder_detail_bottom\": 27, \"placeholder_detail_footer\": 28, \"pagination_pages_visible\": 4, \"namespace\": \"Blog\", \"create_authors\": true, \"permalink_type\": \"s\", \"app_data\": \"{\\\"config\\\": {\\\"default_published\\\": true}}\", \"paginate_by\": 5, \"type\": \"aldryn_newsblog.cms_appconfig.NewsBlogConfig\", \"placeholder_base_top\": 22, \"placeholder_base_sidebar\": 23}, \"model\": \"aldryn_newsblog.newsblogconfig\", \"pk\": 2}]"}}, {"pk": 70, "model": "reversion.version", "fields": {"object_repr": "ru", "revision": 7, "format": "json", "object_id_int": 3, "object_id": "3", "content_type": 52, "serialized_data": "[{\"fields\": {\"slug\": \"vtoraia\", \"master\": 3, \"title\": \"\\u0412\\u0442\\u043e\\u0440\\u0430\\u044f\", \"meta_description\": \"\", \"search_data\": \"\", \"meta_title\": \"\", \"language_code\": \"ru\", \"lead_in\": \"\", \"meta_keywords\": \"\"}, \"model\": \"aldryn_newsblog.articletranslation\", \"pk\": 3}]"}}, {"pk": 71, "model": "reversion.version", "fields": {"object_repr": "ru", "revision": 7, "format": "json", "object_id_int": 2, "object_id": "2", "content_type": 50, "serialized_data": "[{\"fields\": {\"language_code\": \"ru\", \"master\": 2, \"app_title\": \"Blog\"}, \"model\": \"aldryn_newsblog.newsblogconfigtranslation\", \"pk\": 2}]"}}, {"pk": 72, "model": "reversion.version", "fields": {"object_repr": "\u0412\u0442\u043e\u0440\u0430\u044f", "revision": 7, "format": "json", "object_id_int": 3, "object_id": "3", "content_type": 53, "serialized_data": "[{\"fields\": {\"publishing_date\": \"2016-11-30T17:36:20.504Z\", \"owner\": 1, \"categories\": [], \"related\": [], \"app_config\": 2, \"featured_image\": null, \"content\": 30, \"is_published\": false, \"is_featured\": false, \"author\": 1}, \"model\": \"aldryn_newsblog.article\", \"pk\": 3}]"}}, {"pk": 73, "model": "reversion.version", "fields": {"object_repr": "newsblog_base_top", "revision": 7, "format": "json", "object_id_int": 22, "object_id": "22", "content_type": 1, "serialized_data": "[{\"fields\": {\"default_width\": null, \"slot\": \"newsblog_base_top\"}, \"model\": \"cms.placeholder\", \"pk\": 22}]"}}, {"pk": 74, "model": "reversion.version", "fields": {"object_repr": "newsblog_base_sidebar", "revision": 7, "format": "json", "object_id_int": 23, "object_id": "23", "content_type": 1, "serialized_data": "[{\"fields\": {\"default_width\": null, \"slot\": \"newsblog_base_sidebar\"}, \"model\": \"cms.placeholder\", \"pk\": 23}]"}}, {"pk": 75, "model": "reversion.version", "fields": {"object_repr": "newsblog_list_top", "revision": 7, "format": "json", "object_id_int": 24, "object_id": "24", "content_type": 1, "serialized_data": "[{\"fields\": {\"default_width\": null, \"slot\": \"newsblog_list_top\"}, \"model\": \"cms.placeholder\", \"pk\": 24}]"}}, {"pk": 76, "model": "reversion.version", "fields": {"object_repr": "newsblog_list_footer", "revision": 7, "format": "json", "object_id_int": 25, "object_id": "25", "content_type": 1, "serialized_data": "[{\"fields\": {\"default_width\": null, \"slot\": \"newsblog_list_footer\"}, \"model\": \"cms.placeholder\", \"pk\": 25}]"}}, {"pk": 77, "model": "reversion.version", "fields": {"object_repr": "newsblog_detail_top", "revision": 7, "format": "json", "object_id_int": 26, "object_id": "26", "content_type": 1, "serialized_data": "[{\"fields\": {\"default_width\": null, \"slot\": \"newsblog_detail_top\"}, \"model\": \"cms.placeholder\", \"pk\": 26}]"}}, {"pk": 78, "model": "reversion.version", "fields": {"object_repr": "newsblog_detail_bottom", "revision": 7, "format": "json", "object_id_int": 27, "object_id": "27", "content_type": 1, "serialized_data": "[{\"fields\": {\"default_width\": null, \"slot\": \"newsblog_detail_bottom\"}, \"model\": \"cms.placeholder\", \"pk\": 27}]"}}, {"pk": 79, "model": "reversion.version", "fields": {"object_repr": "newsblog_detail_footer", "revision": 7, "format": "json", "object_id_int": 28, "object_id": "28", "content_type": 1, "serialized_data": "[{\"fields\": {\"default_width\": null, \"slot\": \"newsblog_detail_footer\"}, \"model\": \"cms.placeholder\", \"pk\": 28}]"}}, {"pk": 80, "model": "reversion.version", "fields": {"object_repr": "newsblog_article_content", "revision": 7, "format": "json", "object_id_int": 30, "object_id": "30", "content_type": 1, "serialized_data": "[{\"fields\": {\"default_width\": null, \"slot\": \"newsblog_article_content\"}, \"model\": \"cms.placeholder\", \"pk\": 30}]"}}, {"pk": 81, "model": "reversion.version", "fields": {"object_repr": "NewsBlog / Blog", "revision": 8, "format": "json", "object_id_int": 2, "object_id": "2", "content_type": 51, "serialized_data": "[{\"model\": \"aldryn_newsblog.newsblogconfig\", \"pk\": 2, \"fields\": {\"placeholder_detail_footer\": 28, \"placeholder_base_top\": 22, \"pagination_pages_visible\": 4, \"non_permalink_handling\": 302, \"exclude_featured\": 0, \"paginate_by\": 5, \"placeholder_list_top\": 24, \"app_data\": \"{\\\"config\\\": {\\\"default_published\\\": true}}\", \"placeholder_detail_top\": 26, \"search_indexed\": true, \"placeholder_base_sidebar\": 23, \"placeholder_list_footer\": 25, \"placeholder_detail_bottom\": 27, \"pagination_pages_start\": 10, \"permalink_type\": \"s\", \"namespace\": \"Blog\", \"template_prefix\": \"\", \"type\": \"aldryn_newsblog.cms_appconfig.NewsBlogConfig\", \"create_authors\": true}}]"}}, {"pk": 82, "model": "reversion.version", "fields": {"object_repr": "newsblog_base_top", "revision": 8, "format": "json", "object_id_int": 22, "object_id": "22", "content_type": 1, "serialized_data": "[{\"model\": \"cms.placeholder\", \"pk\": 22, \"fields\": {\"default_width\": null, \"slot\": \"newsblog_base_top\"}}]"}}, {"pk": 83, "model": "reversion.version", "fields": {"object_repr": "newsblog_base_sidebar", "revision": 8, "format": "json", "object_id_int": 23, "object_id": "23", "content_type": 1, "serialized_data": "[{\"model\": \"cms.placeholder\", \"pk\": 23, \"fields\": {\"default_width\": null, \"slot\": \"newsblog_base_sidebar\"}}]"}}, {"pk": 84, "model": "reversion.version", "fields": {"object_repr": "newsblog_list_top", "revision": 8, "format": "json", "object_id_int": 24, "object_id": "24", "content_type": 1, "serialized_data": "[{\"model\": \"cms.placeholder\", \"pk\": 24, \"fields\": {\"default_width\": null, \"slot\": \"newsblog_list_top\"}}]"}}, {"pk": 85, "model": "reversion.version", "fields": {"object_repr": "newsblog_list_footer", "revision": 8, "format": "json", "object_id_int": 25, "object_id": "25", "content_type": 1, "serialized_data": "[{\"model\": \"cms.placeholder\", \"pk\": 25, \"fields\": {\"default_width\": null, \"slot\": \"newsblog_list_footer\"}}]"}}, {"pk": 86, "model": "reversion.version", "fields": {"object_repr": "newsblog_detail_top", "revision": 8, "format": "json", "object_id_int": 26, "object_id": "26", "content_type": 1, "serialized_data": "[{\"model\": \"cms.placeholder\", \"pk\": 26, \"fields\": {\"default_width\": null, \"slot\": \"newsblog_detail_top\"}}]"}}, {"pk": 87, "model": "reversion.version", "fields": {"object_repr": "newsblog_detail_bottom", "revision": 8, "format": "json", "object_id_int": 27, "object_id": "27", "content_type": 1, "serialized_data": "[{\"model\": \"cms.placeholder\", \"pk\": 27, \"fields\": {\"default_width\": null, \"slot\": \"newsblog_detail_bottom\"}}]"}}, {"pk": 88, "model": "reversion.version", "fields": {"object_repr": "newsblog_detail_footer", "revision": 8, "format": "json", "object_id_int": 28, "object_id": "28", "content_type": 1, "serialized_data": "[{\"model\": \"cms.placeholder\", \"pk\": 28, \"fields\": {\"default_width\": null, \"slot\": \"newsblog_detail_footer\"}}]"}}, {"pk": 89, "model": "reversion.version", "fields": {"object_repr": "ru", "revision": 8, "format": "json", "object_id_int": 2, "object_id": "2", "content_type": 50, "serialized_data": "[{\"model\": \"aldryn_newsblog.newsblogconfigtranslation\", \"pk\": 2, \"fields\": {\"app_title\": \"\\u041d\\u043e\\u0432\\u043e\\u0441\\u0442\\u0438\", \"language_code\": \"ru\", \"master\": 2}}]"}}, {"pk": 90, "model": "reversion.version", "fields": {"object_repr": "NewsBlog / Blog", "revision": 9, "format": "json", "object_id_int": 2, "object_id": "2", "content_type": 51, "serialized_data": "[{\"fields\": {\"permalink_type\": \"s\", \"non_permalink_handling\": 302, \"pagination_pages_start\": 10, \"placeholder_base_sidebar\": 23, \"placeholder_list_top\": 24, \"placeholder_base_top\": 22, \"paginate_by\": 5, \"placeholder_detail_footer\": 28, \"app_data\": \"{\\\"config\\\": {\\\"default_published\\\": true}}\", \"exclude_featured\": 0, \"template_prefix\": \"\", \"search_indexed\": true, \"namespace\": \"Blog\", \"placeholder_list_footer\": 25, \"create_authors\": true, \"placeholder_detail_top\": 26, \"type\": \"aldryn_newsblog.cms_appconfig.NewsBlogConfig\", \"pagination_pages_visible\": 4, \"placeholder_detail_bottom\": 27}, \"pk\": 2, \"model\": \"aldryn_newsblog.newsblogconfig\"}]"}}, {"pk": 91, "model": "reversion.version", "fields": {"object_repr": "\u0412\u0442\u043e\u0440\u0430\u044f", "revision": 9, "format": "json", "object_id_int": 3, "object_id": "3", "content_type": 53, "serialized_data": "[{\"fields\": {\"content\": 30, \"author\": 1, \"categories\": [], \"publishing_date\": \"2016-11-30T20:36:20+03:00\", \"related\": [], \"is_featured\": false, \"is_published\": true, \"app_config\": 2, \"owner\": 1, \"featured_image\": null}, \"pk\": 3, \"model\": \"aldryn_newsblog.article\"}]"}}, {"pk": 92, "model": "reversion.version", "fields": {"object_repr": "ru", "revision": 9, "format": "json", "object_id_int": 2, "object_id": "2", "content_type": 50, "serialized_data": "[{\"fields\": {\"app_title\": \"\\u041d\\u043e\\u0432\\u043e\\u0441\\u0442\\u0438\", \"language_code\": \"ru\", \"master\": 2}, \"pk\": 2, \"model\": \"aldryn_newsblog.newsblogconfigtranslation\"}]"}}, {"pk": 93, "model": "reversion.version", "fields": {"object_repr": "ru", "revision": 9, "format": "json", "object_id_int": 3, "object_id": "3", "content_type": 52, "serialized_data": "[{\"fields\": {\"meta_keywords\": \"\", \"search_data\": \"\", \"lead_in\": \"\", \"language_code\": \"ru\", \"master\": 3, \"meta_title\": \"\", \"title\": \"\\u0412\\u0442\\u043e\\u0440\\u0430\\u044f\", \"slug\": \"vtoraia\", \"meta_description\": \"\"}, \"pk\": 3, \"model\": \"aldryn_newsblog.articletranslation\"}]"}}, {"pk": 94, "model": "reversion.version", "fields": {"object_repr": "newsblog_base_top", "revision": 9, "format": "json", "object_id_int": 22, "object_id": "22", "content_type": 1, "serialized_data": "[{\"fields\": {\"default_width\": null, \"slot\": \"newsblog_base_top\"}, \"pk\": 22, \"model\": \"cms.placeholder\"}]"}}, {"pk": 95, "model": "reversion.version", "fields": {"object_repr": "newsblog_base_sidebar", "revision": 9, "format": "json", "object_id_int": 23, "object_id": "23", "content_type": 1, "serialized_data": "[{\"fields\": {\"default_width\": null, \"slot\": \"newsblog_base_sidebar\"}, \"pk\": 23, \"model\": \"cms.placeholder\"}]"}}, {"pk": 96, "model": "reversion.version", "fields": {"object_repr": "newsblog_list_top", "revision": 9, "format": "json", "object_id_int": 24, "object_id": "24", "content_type": 1, "serialized_data": "[{\"fields\": {\"default_width\": null, \"slot\": \"newsblog_list_top\"}, \"pk\": 24, \"model\": \"cms.placeholder\"}]"}}, {"pk": 97, "model": "reversion.version", "fields": {"object_repr": "newsblog_list_footer", "revision": 9, "format": "json", "object_id_int": 25, "object_id": "25", "content_type": 1, "serialized_data": "[{\"fields\": {\"default_width\": null, \"slot\": \"newsblog_list_footer\"}, \"pk\": 25, \"model\": \"cms.placeholder\"}]"}}, {"pk": 98, "model": "reversion.version", "fields": {"object_repr": "newsblog_detail_top", "revision": 9, "format": "json", "object_id_int": 26, "object_id": "26", "content_type": 1, "serialized_data": "[{\"fields\": {\"default_width\": null, \"slot\": \"newsblog_detail_top\"}, \"pk\": 26, \"model\": \"cms.placeholder\"}]"}}, {"pk": 99, "model": "reversion.version", "fields": {"object_repr": "newsblog_detail_bottom", "revision": 9, "format": "json", "object_id_int": 27, "object_id": "27", "content_type": 1, "serialized_data": "[{\"fields\": {\"default_width\": null, \"slot\": \"newsblog_detail_bottom\"}, \"pk\": 27, \"model\": \"cms.placeholder\"}]"}}, {"pk": 100, "model": "reversion.version", "fields": {"object_repr": "newsblog_detail_footer", "revision": 9, "format": "json", "object_id_int": 28, "object_id": "28", "content_type": 1, "serialized_data": "[{\"fields\": {\"default_width\": null, \"slot\": \"newsblog_detail_footer\"}, \"pk\": 28, \"model\": \"cms.placeholder\"}]"}}, {"pk": 101, "model": "reversion.version", "fields": {"object_repr": "newsblog_article_content", "revision": 9, "format": "json", "object_id_int": 30, "object_id": "30", "content_type": 1, "serialized_data": "[{\"fields\": {\"default_width\": null, \"slot\": \"newsblog_article_content\"}, \"pk\": 30, \"model\": \"cms.placeholder\"}]"}}, {"pk": 102, "model": "reversion.version", "fields": {"object_repr": "ru", "revision": 10, "format": "json", "object_id_int": 2, "object_id": "2", "content_type": 50, "serialized_data": "[{\"fields\": {\"app_title\": \"\\u041d\\u043e\\u0432\\u043e\\u0441\\u0442\\u0438\", \"language_code\": \"ru\", \"master\": 2}, \"pk\": 2, \"model\": \"aldryn_newsblog.newsblogconfigtranslation\"}]"}}, {"pk": 103, "model": "reversion.version", "fields": {"object_repr": "\u041f\u0435\u0440\u0432\u0430\u044f \u0441\u0442\u0430\u0442\u044c\u044f", "revision": 10, "format": "json", "object_id_int": 2, "object_id": "2", "content_type": 53, "serialized_data": "[{\"fields\": {\"content\": 29, \"author\": 1, \"categories\": [], \"publishing_date\": \"2016-11-30T20:28:10+03:00\", \"related\": [], \"is_featured\": false, \"is_published\": true, \"app_config\": 2, \"owner\": 1, \"featured_image\": null}, \"pk\": 2, \"model\": \"aldryn_newsblog.article\"}]"}}, {"pk": 104, "model": "reversion.version", "fields": {"object_repr": "NewsBlog / Blog", "revision": 10, "format": "json", "object_id_int": 2, "object_id": "2", "content_type": 51, "serialized_data": "[{\"fields\": {\"permalink_type\": \"s\", \"non_permalink_handling\": 302, \"pagination_pages_start\": 10, \"placeholder_base_sidebar\": 23, \"placeholder_list_top\": 24, \"placeholder_base_top\": 22, \"paginate_by\": 5, \"placeholder_detail_footer\": 28, \"app_data\": \"{\\\"config\\\": {\\\"default_published\\\": true}}\", \"exclude_featured\": 0, \"template_prefix\": \"\", \"search_indexed\": true, \"namespace\": \"Blog\", \"placeholder_list_footer\": 25, \"create_authors\": true, \"placeholder_detail_top\": 26, \"type\": \"aldryn_newsblog.cms_appconfig.NewsBlogConfig\", \"pagination_pages_visible\": 4, \"placeholder_detail_bottom\": 27}, \"pk\": 2, \"model\": \"aldryn_newsblog.newsblogconfig\"}]"}}, {"pk": 105, "model": "reversion.version", "fields": {"object_repr": "newsblog_base_top", "revision": 10, "format": "json", "object_id_int": 22, "object_id": "22", "content_type": 1, "serialized_data": "[{\"fields\": {\"default_width\": null, \"slot\": \"newsblog_base_top\"}, \"pk\": 22, \"model\": \"cms.placeholder\"}]"}}, {"pk": 106, "model": "reversion.version", "fields": {"object_repr": "newsblog_base_sidebar", "revision": 10, "format": "json", "object_id_int": 23, "object_id": "23", "content_type": 1, "serialized_data": "[{\"fields\": {\"default_width\": null, \"slot\": \"newsblog_base_sidebar\"}, \"pk\": 23, \"model\": \"cms.placeholder\"}]"}}, {"pk": 107, "model": "reversion.version", "fields": {"object_repr": "newsblog_list_top", "revision": 10, "format": "json", "object_id_int": 24, "object_id": "24", "content_type": 1, "serialized_data": "[{\"fields\": {\"default_width\": null, \"slot\": \"newsblog_list_top\"}, \"pk\": 24, \"model\": \"cms.placeholder\"}]"}}, {"pk": 108, "model": "reversion.version", "fields": {"object_repr": "newsblog_list_footer", "revision": 10, "format": "json", "object_id_int": 25, "object_id": "25", "content_type": 1, "serialized_data": "[{\"fields\": {\"default_width\": null, \"slot\": \"newsblog_list_footer\"}, \"pk\": 25, \"model\": \"cms.placeholder\"}]"}}, {"pk": 109, "model": "reversion.version", "fields": {"object_repr": "newsblog_detail_top", "revision": 10, "format": "json", "object_id_int": 26, "object_id": "26", "content_type": 1, "serialized_data": "[{\"fields\": {\"default_width\": null, \"slot\": \"newsblog_detail_top\"}, \"pk\": 26, \"model\": \"cms.placeholder\"}]"}}, {"pk": 110, "model": "reversion.version", "fields": {"object_repr": "newsblog_detail_bottom", "revision": 10, "format": "json", "object_id_int": 27, "object_id": "27", "content_type": 1, "serialized_data": "[{\"fields\": {\"default_width\": null, \"slot\": \"newsblog_detail_bottom\"}, \"pk\": 27, \"model\": \"cms.placeholder\"}]"}}, {"pk": 111, "model": "reversion.version", "fields": {"object_repr": "newsblog_detail_footer", "revision": 10, "format": "json", "object_id_int": 28, "object_id": "28", "content_type": 1, "serialized_data": "[{\"fields\": {\"default_width\": null, \"slot\": \"newsblog_detail_footer\"}, \"pk\": 28, \"model\": \"cms.placeholder\"}]"}}, {"pk": 112, "model": "reversion.version", "fields": {"object_repr": "newsblog_article_content", "revision": 10, "format": "json", "object_id_int": 29, "object_id": "29", "content_type": 1, "serialized_data": "[{\"fields\": {\"default_width\": null, \"slot\": \"newsblog_article_content\"}, \"pk\": 29, \"model\": \"cms.placeholder\"}]"}}, {"pk": 113, "model": "reversion.version", "fields": {"object_repr": "ru", "revision": 10, "format": "json", "object_id_int": 2, "object_id": "2", "content_type": 52, "serialized_data": "[{\"fields\": {\"meta_keywords\": \"\", \"search_data\": \"\", \"lead_in\": \"<p>\\u041f\\u0435\\u0440\\u0432\\u0430\\u044f</p>\\n\", \"language_code\": \"ru\", \"master\": 2, \"meta_title\": \"\", \"title\": \"\\u041f\\u0435\\u0440\\u0432\\u0430\\u044f \\u0441\\u0442\\u0430\\u0442\\u044c\\u044f\", \"slug\": \"pervaia-statia\", \"meta_description\": \"\"}, \"pk\": 2, \"model\": \"aldryn_newsblog.articletranslation\"}]"}}, {"pk": 1, "model": "auth.permission", "fields": {"name": "Can use Structure mode", "codename": "use_structure", "content_type": 1}}, {"pk": 2, "model": "auth.permission", "fields": {"name": "Can change page", "codename": "change_page", "content_type": 2}}, {"pk": 3, "model": "auth.permission", "fields": {"name": "Can add permission", "codename": "add_permission", "content_type": 3}}, {"pk": 4, "model": "auth.permission", "fields": {"name": "Can change permission", "codename": "change_permission", "content_type": 3}}, {"pk": 5, "model": "auth.permission", "fields": {"name": "Can delete permission", "codename": "delete_permission", "content_type": 3}}, {"pk": 6, "model": "auth.permission", "fields": {"name": "Can add group", "codename": "add_group", "content_type": 4}}, {"pk": 7, "model": "auth.permission", "fields": {"name": "Can change group", "codename": "change_group", "content_type": 4}}, {"pk": 8, "model": "auth.permission", "fields": {"name": "Can delete group", "codename": "delete_group", "content_type": 4}}, {"pk": 9, "model": "auth.permission", "fields": {"name": "Can add user", "codename": "add_user", "content_type": 5}}, {"pk": 10, "model": "auth.permission", "fields": {"name": "Can change user", "codename": "change_user", "content_type": 5}}, {"pk": 11, "model": "auth.permission", "fields": {"name": "Can delete user", "codename": "delete_user", "content_type": 5}}, {"pk": 12, "model": "auth.permission", "fields": {"name": "Can add content type", "codename": "add_contenttype", "content_type": 6}}, {"pk": 13, "model": "auth.permission", "fields": {"name": "Can change content type", "codename": "change_contenttype", "content_type": 6}}, {"pk": 14, "model": "auth.permission", "fields": {"name": "Can delete content type", "codename": "delete_contenttype", "content_type": 6}}, {"pk": 15, "model": "auth.permission", "fields": {"name": "Can add session", "codename": "add_session", "content_type": 7}}, {"pk": 16, "model": "auth.permission", "fields": {"name": "Can change session", "codename": "change_session", "content_type": 7}}, {"pk": 17, "model": "auth.permission", "fields": {"name": "Can delete session", "codename": "delete_session", "content_type": 7}}, {"pk": 18, "model": "auth.permission", "fields": {"name": "Can add log entry", "codename": "add_logentry", "content_type": 8}}, {"pk": 19, "model": "auth.permission", "fields": {"name": "Can change log entry", "codename": "change_logentry", "content_type": 8}}, {"pk": 20, "model": "auth.permission", "fields": {"name": "Can delete log entry", "codename": "delete_logentry", "content_type": 8}}, {"pk": 21, "model": "auth.permission", "fields": {"name": "Can add site", "codename": "add_site", "content_type": 9}}, {"pk": 22, "model": "auth.permission", "fields": {"name": "Can change site", "codename": "change_site", "content_type": 9}}, {"pk": 23, "model": "auth.permission", "fields": {"name": "Can delete site", "codename": "delete_site", "content_type": 9}}, {"pk": 24, "model": "auth.permission", "fields": {"name": "Can add user setting", "codename": "add_usersettings", "content_type": 10}}, {"pk": 25, "model": "auth.permission", "fields": {"name": "Can change user setting", "codename": "change_usersettings", "content_type": 10}}, {"pk": 26, "model": "auth.permission", "fields": {"name": "Can delete user setting", "codename": "delete_usersettings", "content_type": 10}}, {"pk": 27, "model": "auth.permission", "fields": {"name": "Can add page", "codename": "add_page", "content_type": 2}}, {"pk": 28, "model": "auth.permission", "fields": {"name": "Can delete page", "codename": "delete_page", "content_type": 2}}, {"pk": 29, "model": "auth.permission", "fields": {"name": "Can view page", "codename": "view_page", "content_type": 2}}, {"pk": 30, "model": "auth.permission", "fields": {"name": "Can publish page", "codename": "publish_page", "content_type": 2}}, {"pk": 31, "model": "auth.permission", "fields": {"name": "Can edit static placeholders", "codename": "edit_static_placeholder", "content_type": 2}}, {"pk": 32, "model": "auth.permission", "fields": {"name": "Can add Page global permission", "codename": "add_globalpagepermission", "content_type": 11}}, {"pk": 33, "model": "auth.permission", "fields": {"name": "Can change Page global permission", "codename": "change_globalpagepermission", "content_type": 11}}, {"pk": 34, "model": "auth.permission", "fields": {"name": "Can delete Page global permission", "codename": "delete_globalpagepermission", "content_type": 11}}, {"pk": 35, "model": "auth.permission", "fields": {"name": "Can add Page permission", "codename": "add_pagepermission", "content_type": 12}}, {"pk": 36, "model": "auth.permission", "fields": {"name": "Can change Page permission", "codename": "change_pagepermission", "content_type": 12}}, {"pk": 37, "model": "auth.permission", "fields": {"name": "Can delete Page permission", "codename": "delete_pagepermission", "content_type": 12}}, {"pk": 38, "model": "auth.permission", "fields": {"name": "Can add User (page)", "codename": "add_pageuser", "content_type": 13}}, {"pk": 39, "model": "auth.permission", "fields": {"name": "Can change User (page)", "codename": "change_pageuser", "content_type": 13}}, {"pk": 40, "model": "auth.permission", "fields": {"name": "Can delete User (page)", "codename": "delete_pageuser", "content_type": 13}}, {"pk": 41, "model": "auth.permission", "fields": {"name": "Can add User group (page)", "codename": "add_pageusergroup", "content_type": 14}}, {"pk": 42, "model": "auth.permission", "fields": {"name": "Can change User group (page)", "codename": "change_pageusergroup", "content_type": 14}}, {"pk": 43, "model": "auth.permission", "fields": {"name": "Can delete User group (page)", "codename": "delete_pageusergroup", "content_type": 14}}, {"pk": 44, "model": "auth.permission", "fields": {"name": "Can add placeholder", "codename": "add_placeholder", "content_type": 1}}, {"pk": 45, "model": "auth.permission", "fields": {"name": "Can change placeholder", "codename": "change_placeholder", "content_type": 1}}, {"pk": 46, "model": "auth.permission", "fields": {"name": "Can delete placeholder", "codename": "delete_placeholder", "content_type": 1}}, {"pk": 47, "model": "auth.permission", "fields": {"name": "Can add cms plugin", "codename": "add_cmsplugin", "content_type": 15}}, {"pk": 48, "model": "auth.permission", "fields": {"name": "Can change cms plugin", "codename": "change_cmsplugin", "content_type": 15}}, {"pk": 49, "model": "auth.permission", "fields": {"name": "Can delete cms plugin", "codename": "delete_cmsplugin", "content_type": 15}}, {"pk": 50, "model": "auth.permission", "fields": {"name": "Can add title", "codename": "add_title", "content_type": 16}}, {"pk": 51, "model": "auth.permission", "fields": {"name": "Can change title", "codename": "change_title", "content_type": 16}}, {"pk": 52, "model": "auth.permission", "fields": {"name": "Can delete title", "codename": "delete_title", "content_type": 16}}, {"pk": 53, "model": "auth.permission", "fields": {"name": "Can add placeholder reference", "codename": "add_placeholderreference", "content_type": 17}}, {"pk": 54, "model": "auth.permission", "fields": {"name": "Can change placeholder reference", "codename": "change_placeholderreference", "content_type": 17}}, {"pk": 55, "model": "auth.permission", "fields": {"name": "Can delete placeholder reference", "codename": "delete_placeholderreference", "content_type": 17}}, {"pk": 56, "model": "auth.permission", "fields": {"name": "Can add static placeholder", "codename": "add_staticplaceholder", "content_type": 18}}, {"pk": 57, "model": "auth.permission", "fields": {"name": "Can change static placeholder", "codename": "change_staticplaceholder", "content_type": 18}}, {"pk": 58, "model": "auth.permission", "fields": {"name": "Can delete static placeholder", "codename": "delete_staticplaceholder", "content_type": 18}}, {"pk": 59, "model": "auth.permission", "fields": {"name": "Can add alias plugin model", "codename": "add_aliaspluginmodel", "content_type": 19}}, {"pk": 60, "model": "auth.permission", "fields": {"name": "Can change alias plugin model", "codename": "change_aliaspluginmodel", "content_type": 19}}, {"pk": 61, "model": "auth.permission", "fields": {"name": "Can delete alias plugin model", "codename": "delete_aliaspluginmodel", "content_type": 19}}, {"pk": 62, "model": "auth.permission", "fields": {"name": "Can add urlconf revision", "codename": "add_urlconfrevision", "content_type": 20}}, {"pk": 63, "model": "auth.permission", "fields": {"name": "Can change urlconf revision", "codename": "change_urlconfrevision", "content_type": 20}}, {"pk": 64, "model": "auth.permission", "fields": {"name": "Can delete urlconf revision", "codename": "delete_urlconfrevision", "content_type": 20}}, {"pk": 65, "model": "auth.permission", "fields": {"name": "Can add cache key", "codename": "add_cachekey", "content_type": 21}}, {"pk": 66, "model": "auth.permission", "fields": {"name": "Can change cache key", "codename": "change_cachekey", "content_type": 21}}, {"pk": 67, "model": "auth.permission", "fields": {"name": "Can delete cache key", "codename": "delete_cachekey", "content_type": 21}}, {"pk": 68, "model": "auth.permission", "fields": {"name": "Can add text", "codename": "add_text", "content_type": 22}}, {"pk": 69, "model": "auth.permission", "fields": {"name": "Can change text", "codename": "change_text", "content_type": 22}}, {"pk": 70, "model": "auth.permission", "fields": {"name": "Can delete text", "codename": "delete_text", "content_type": 22}}, {"pk": 71, "model": "auth.permission", "fields": {"name": "Can add Folder", "codename": "add_folder", "content_type": 23}}, {"pk": 72, "model": "auth.permission", "fields": {"name": "Can change Folder", "codename": "change_folder", "content_type": 23}}, {"pk": 73, "model": "auth.permission", "fields": {"name": "Can delete Folder", "codename": "delete_folder", "content_type": 23}}, {"pk": 74, "model": "auth.permission", "fields": {"name": "Can use directory listing", "codename": "can_use_directory_listing", "content_type": 23}}, {"pk": 75, "model": "auth.permission", "fields": {"name": "Can add folder permission", "codename": "add_folderpermission", "content_type": 24}}, {"pk": 76, "model": "auth.permission", "fields": {"name": "Can change folder permission", "codename": "change_folderpermission", "content_type": 24}}, {"pk": 77, "model": "auth.permission", "fields": {"name": "Can delete folder permission", "codename": "delete_folderpermission", "content_type": 24}}, {"pk": 78, "model": "auth.permission", "fields": {"name": "Can add file", "codename": "add_file", "content_type": 25}}, {"pk": 79, "model": "auth.permission", "fields": {"name": "Can change file", "codename": "change_file", "content_type": 25}}, {"pk": 80, "model": "auth.permission", "fields": {"name": "Can delete file", "codename": "delete_file", "content_type": 25}}, {"pk": 81, "model": "auth.permission", "fields": {"name": "Can add clipboard", "codename": "add_clipboard", "content_type": 26}}, {"pk": 82, "model": "auth.permission", "fields": {"name": "Can change clipboard", "codename": "change_clipboard", "content_type": 26}}, {"pk": 83, "model": "auth.permission", "fields": {"name": "Can delete clipboard", "codename": "delete_clipboard", "content_type": 26}}, {"pk": 84, "model": "auth.permission", "fields": {"name": "Can add clipboard item", "codename": "add_clipboarditem", "content_type": 27}}, {"pk": 85, "model": "auth.permission", "fields": {"name": "Can change clipboard item", "codename": "change_clipboarditem", "content_type": 27}}, {"pk": 86, "model": "auth.permission", "fields": {"name": "Can delete clipboard item", "codename": "delete_clipboarditem", "content_type": 27}}, {"pk": 87, "model": "auth.permission", "fields": {"name": "Can add image", "codename": "add_image", "content_type": 28}}, {"pk": 88, "model": "auth.permission", "fields": {"name": "Can change image", "codename": "change_image", "content_type": 28}}, {"pk": 89, "model": "auth.permission", "fields": {"name": "Can delete image", "codename": "delete_image", "content_type": 28}}, {"pk": 90, "model": "auth.permission", "fields": {"name": "Can add thumbnail option", "codename": "add_thumbnailoption", "content_type": 29}}, {"pk": 91, "model": "auth.permission", "fields": {"name": "Can change thumbnail option", "codename": "change_thumbnailoption", "content_type": 29}}, {"pk": 92, "model": "auth.permission", "fields": {"name": "Can delete thumbnail option", "codename": "delete_thumbnailoption", "content_type": 29}}, {"pk": 93, "model": "auth.permission", "fields": {"name": "Can add source", "codename": "add_source", "content_type": 30}}, {"pk": 94, "model": "auth.permission", "fields": {"name": "Can change source", "codename": "change_source", "content_type": 30}}, {"pk": 95, "model": "auth.permission", "fields": {"name": "Can delete source", "codename": "delete_source", "content_type": 30}}, {"pk": 96, "model": "auth.permission", "fields": {"name": "Can add thumbnail", "codename": "add_thumbnail", "content_type": 31}}, {"pk": 97, "model": "auth.permission", "fields": {"name": "Can change thumbnail", "codename": "change_thumbnail", "content_type": 31}}, {"pk": 98, "model": "auth.permission", "fields": {"name": "Can delete thumbnail", "codename": "delete_thumbnail", "content_type": 31}}, {"pk": 99, "model": "auth.permission", "fields": {"name": "Can add thumbnail dimensions", "codename": "add_thumbnaildimensions", "content_type": 32}}, {"pk": 100, "model": "auth.permission", "fields": {"name": "Can change thumbnail dimensions", "codename": "change_thumbnaildimensions", "content_type": 32}}, {"pk": 101, "model": "auth.permission", "fields": {"name": "Can delete thumbnail dimensions", "codename": "delete_thumbnaildimensions", "content_type": 32}}, {"pk": 102, "model": "auth.permission", "fields": {"name": "Can add multi columns", "codename": "add_multicolumns", "content_type": 33}}, {"pk": 103, "model": "auth.permission", "fields": {"name": "Can change multi columns", "codename": "change_multicolumns", "content_type": 33}}, {"pk": 104, "model": "auth.permission", "fields": {"name": "Can delete multi columns", "codename": "delete_multicolumns", "content_type": 33}}, {"pk": 105, "model": "auth.permission", "fields": {"name": "Can add column", "codename": "add_column", "content_type": 34}}, {"pk": 106, "model": "auth.permission", "fields": {"name": "Can change column", "codename": "change_column", "content_type": 34}}, {"pk": 107, "model": "auth.permission", "fields": {"name": "Can delete column", "codename": "delete_column", "content_type": 34}}, {"pk": 108, "model": "auth.permission", "fields": {"name": "Can add link", "codename": "add_link", "content_type": 35}}, {"pk": 109, "model": "auth.permission", "fields": {"name": "Can change link", "codename": "change_link", "content_type": 35}}, {"pk": 110, "model": "auth.permission", "fields": {"name": "Can delete link", "codename": "delete_link", "content_type": 35}}, {"pk": 111, "model": "auth.permission", "fields": {"name": "Can add filer file", "codename": "add_filerfile", "content_type": 36}}, {"pk": 112, "model": "auth.permission", "fields": {"name": "Can change filer file", "codename": "change_filerfile", "content_type": 36}}, {"pk": 113, "model": "auth.permission", "fields": {"name": "Can delete filer file", "codename": "delete_filerfile", "content_type": 36}}, {"pk": 114, "model": "auth.permission", "fields": {"name": "Can add filer folder", "codename": "add_filerfolder", "content_type": 37}}, {"pk": 115, "model": "auth.permission", "fields": {"name": "Can change filer folder", "codename": "change_filerfolder", "content_type": 37}}, {"pk": 116, "model": "auth.permission", "fields": {"name": "Can delete filer folder", "codename": "delete_filerfolder", "content_type": 37}}, {"pk": 117, "model": "auth.permission", "fields": {"name": "Can add filer image", "codename": "add_filerimage", "content_type": 38}}, {"pk": 118, "model": "auth.permission", "fields": {"name": "Can change filer image", "codename": "change_filerimage", "content_type": 38}}, {"pk": 119, "model": "auth.permission", "fields": {"name": "Can delete filer image", "codename": "delete_filerimage", "content_type": 38}}, {"pk": 120, "model": "auth.permission", "fields": {"name": "Can add style", "codename": "add_style", "content_type": 39}}, {"pk": 121, "model": "auth.permission", "fields": {"name": "Can change style", "codename": "change_style", "content_type": 39}}, {"pk": 122, "model": "auth.permission", "fields": {"name": "Can delete style", "codename": "delete_style", "content_type": 39}}, {"pk": 123, "model": "auth.permission", "fields": {"name": "Can add Snippet", "codename": "add_snippet", "content_type": 40}}, {"pk": 124, "model": "auth.permission", "fields": {"name": "Can change Snippet", "codename": "change_snippet", "content_type": 40}}, {"pk": 125, "model": "auth.permission", "fields": {"name": "Can delete Snippet", "codename": "delete_snippet", "content_type": 40}}, {"pk": 126, "model": "auth.permission", "fields": {"name": "Can add Snippet", "codename": "add_snippetptr", "content_type": 41}}, {"pk": 127, "model": "auth.permission", "fields": {"name": "Can change Snippet", "codename": "change_snippetptr", "content_type": 41}}, {"pk": 128, "model": "auth.permission", "fields": {"name": "Can delete Snippet", "codename": "delete_snippetptr", "content_type": 41}}, {"pk": 129, "model": "auth.permission", "fields": {"name": "Can add google map", "codename": "add_googlemap", "content_type": 42}}, {"pk": 130, "model": "auth.permission", "fields": {"name": "Can change google map", "codename": "change_googlemap", "content_type": 42}}, {"pk": 131, "model": "auth.permission", "fields": {"name": "Can delete google map", "codename": "delete_googlemap", "content_type": 42}}, {"pk": 132, "model": "auth.permission", "fields": {"name": "Can add google map marker", "codename": "add_googlemapmarker", "content_type": 43}}, {"pk": 133, "model": "auth.permission", "fields": {"name": "Can change google map marker", "codename": "change_googlemapmarker", "content_type": 43}}, {"pk": 134, "model": "auth.permission", "fields": {"name": "Can delete google map marker", "codename": "delete_googlemapmarker", "content_type": 43}}, {"pk": 135, "model": "auth.permission", "fields": {"name": "Can add google map route", "codename": "add_googlemaproute", "content_type": 44}}, {"pk": 136, "model": "auth.permission", "fields": {"name": "Can change google map route", "codename": "change_googlemaproute", "content_type": 44}}, {"pk": 137, "model": "auth.permission", "fields": {"name": "Can delete google map route", "codename": "delete_googlemaproute", "content_type": 44}}, {"pk": 138, "model": "auth.permission", "fields": {"name": "Can add video player", "codename": "add_videoplayer", "content_type": 45}}, {"pk": 139, "model": "auth.permission", "fields": {"name": "Can change video player", "codename": "change_videoplayer", "content_type": 45}}, {"pk": 140, "model": "auth.permission", "fields": {"name": "Can delete video player", "codename": "delete_videoplayer", "content_type": 45}}, {"pk": 141, "model": "auth.permission", "fields": {"name": "Can add video source", "codename": "add_videosource", "content_type": 46}}, {"pk": 142, "model": "auth.permission", "fields": {"name": "Can change video source", "codename": "change_videosource", "content_type": 46}}, {"pk": 143, "model": "auth.permission", "fields": {"name": "Can delete video source", "codename": "delete_videosource", "content_type": 46}}, {"pk": 144, "model": "auth.permission", "fields": {"name": "Can add video track", "codename": "add_videotrack", "content_type": 47}}, {"pk": 145, "model": "auth.permission", "fields": {"name": "Can change video track", "codename": "change_videotrack", "content_type": 47}}, {"pk": 146, "model": "auth.permission", "fields": {"name": "Can delete video track", "codename": "delete_videotrack", "content_type": 47}}, {"pk": 147, "model": "auth.permission", "fields": {"name": "Can add category", "codename": "add_category", "content_type": 49}}, {"pk": 148, "model": "auth.permission", "fields": {"name": "Can change category", "codename": "change_category", "content_type": 49}}, {"pk": 149, "model": "auth.permission", "fields": {"name": "Can delete category", "codename": "delete_category", "content_type": 49}}, {"pk": 150, "model": "auth.permission", "fields": {"name": "Can add application configuration", "codename": "add_newsblogconfig", "content_type": 51}}, {"pk": 151, "model": "auth.permission", "fields": {"name": "Can change application configuration", "codename": "change_newsblogconfig", "content_type": 51}}, {"pk": 152, "model": "auth.permission", "fields": {"name": "Can delete application configuration", "codename": "delete_newsblogconfig", "content_type": 51}}, {"pk": 153, "model": "auth.permission", "fields": {"name": "Can add article", "codename": "add_article", "content_type": 53}}, {"pk": 154, "model": "auth.permission", "fields": {"name": "Can change article", "codename": "change_article", "content_type": 53}}, {"pk": 155, "model": "auth.permission", "fields": {"name": "Can delete article", "codename": "delete_article", "content_type": 53}}, {"pk": 156, "model": "auth.permission", "fields": {"name": "Can add news blog archive plugin", "codename": "add_newsblogarchiveplugin", "content_type": 54}}, {"pk": 157, "model": "auth.permission", "fields": {"name": "Can change news blog archive plugin", "codename": "change_newsblogarchiveplugin", "content_type": 54}}, {"pk": 158, "model": "auth.permission", "fields": {"name": "Can delete news blog archive plugin", "codename": "delete_newsblogarchiveplugin", "content_type": 54}}, {"pk": 159, "model": "auth.permission", "fields": {"name": "Can add news blog article search plugin", "codename": "add_newsblogarticlesearchplugin", "content_type": 55}}, {"pk": 160, "model": "auth.permission", "fields": {"name": "Can change news blog article search plugin", "codename": "change_newsblogarticlesearchplugin", "content_type": 55}}, {"pk": 161, "model": "auth.permission", "fields": {"name": "Can delete news blog article search plugin", "codename": "delete_newsblogarticlesearchplugin", "content_type": 55}}, {"pk": 162, "model": "auth.permission", "fields": {"name": "Can add news blog authors plugin", "codename": "add_newsblogauthorsplugin", "content_type": 56}}, {"pk": 163, "model": "auth.permission", "fields": {"name": "Can change news blog authors plugin", "codename": "change_newsblogauthorsplugin", "content_type": 56}}, {"pk": 164, "model": "auth.permission", "fields": {"name": "Can delete news blog authors plugin", "codename": "delete_newsblogauthorsplugin", "content_type": 56}}, {"pk": 165, "model": "auth.permission", "fields": {"name": "Can add news blog categories plugin", "codename": "add_newsblogcategoriesplugin", "content_type": 57}}, {"pk": 166, "model": "auth.permission", "fields": {"name": "Can change news blog categories plugin", "codename": "change_newsblogcategoriesplugin", "content_type": 57}}, {"pk": 167, "model": "auth.permission", "fields": {"name": "Can delete news blog categories plugin", "codename": "delete_newsblogcategoriesplugin", "content_type": 57}}, {"pk": 168, "model": "auth.permission", "fields": {"name": "Can add news blog featured articles plugin", "codename": "add_newsblogfeaturedarticlesplugin", "content_type": 58}}, {"pk": 169, "model": "auth.permission", "fields": {"name": "Can change news blog featured articles plugin", "codename": "change_newsblogfeaturedarticlesplugin", "content_type": 58}}, {"pk": 170, "model": "auth.permission", "fields": {"name": "Can delete news blog featured articles plugin", "codename": "delete_newsblogfeaturedarticlesplugin", "content_type": 58}}, {"pk": 171, "model": "auth.permission", "fields": {"name": "Can add news blog latest articles plugin", "codename": "add_newsbloglatestarticlesplugin", "content_type": 59}}, {"pk": 172, "model": "auth.permission", "fields": {"name": "Can change news blog latest articles plugin", "codename": "change_newsbloglatestarticlesplugin", "content_type": 59}}, {"pk": 173, "model": "auth.permission", "fields": {"name": "Can delete news blog latest articles plugin", "codename": "delete_newsbloglatestarticlesplugin", "content_type": 59}}, {"pk": 174, "model": "auth.permission", "fields": {"name": "Can add news blog related plugin", "codename": "add_newsblogrelatedplugin", "content_type": 60}}, {"pk": 175, "model": "auth.permission", "fields": {"name": "Can change news blog related plugin", "codename": "change_newsblogrelatedplugin", "content_type": 60}}, {"pk": 176, "model": "auth.permission", "fields": {"name": "Can delete news blog related plugin", "codename": "delete_newsblogrelatedplugin", "content_type": 60}}, {"pk": 177, "model": "auth.permission", "fields": {"name": "Can add news blog tags plugin", "codename": "add_newsblogtagsplugin", "content_type": 61}}, {"pk": 178, "model": "auth.permission", "fields": {"name": "Can change news blog tags plugin", "codename": "change_newsblogtagsplugin", "content_type": 61}}, {"pk": 179, "model": "auth.permission", "fields": {"name": "Can delete news blog tags plugin", "codename": "delete_newsblogtagsplugin", "content_type": 61}}, {"pk": 180, "model": "auth.permission", "fields": {"name": "Can add Group", "codename": "add_group", "content_type": 63}}, {"pk": 181, "model": "auth.permission", "fields": {"name": "Can change Group", "codename": "change_group", "content_type": 63}}, {"pk": 182, "model": "auth.permission", "fields": {"name": "Can delete Group", "codename": "delete_group", "content_type": 63}}, {"pk": 183, "model": "auth.permission", "fields": {"name": "Can add Person", "codename": "add_person", "content_type": 65}}, {"pk": 184, "model": "auth.permission", "fields": {"name": "Can change Person", "codename": "change_person", "content_type": 65}}, {"pk": 185, "model": "auth.permission", "fields": {"name": "Can delete Person", "codename": "delete_person", "content_type": 65}}, {"pk": 186, "model": "auth.permission", "fields": {"name": "Can add people plugin", "codename": "add_peopleplugin", "content_type": 66}}, {"pk": 187, "model": "auth.permission", "fields": {"name": "Can change people plugin", "codename": "change_peopleplugin", "content_type": 66}}, {"pk": 188, "model": "auth.permission", "fields": {"name": "Can delete people plugin", "codename": "delete_peopleplugin", "content_type": 66}}, {"pk": 189, "model": "auth.permission", "fields": {"name": "Can add Tag", "codename": "add_tag", "content_type": 67}}, {"pk": 190, "model": "auth.permission", "fields": {"name": "Can change Tag", "codename": "change_tag", "content_type": 67}}, {"pk": 191, "model": "auth.permission", "fields": {"name": "Can delete Tag", "codename": "delete_tag", "content_type": 67}}, {"pk": 192, "model": "auth.permission", "fields": {"name": "Can add Tagged Item", "codename": "add_taggeditem", "content_type": 68}}, {"pk": 193, "model": "auth.permission", "fields": {"name": "Can change Tagged Item", "codename": "change_taggeditem", "content_type": 68}}, {"pk": 194, "model": "auth.permission", "fields": {"name": "Can delete Tagged Item", "codename": "delete_taggeditem", "content_type": 68}}, {"pk": 195, "model": "auth.permission", "fields": {"name": "Can add revision", "codename": "add_revision", "content_type": 69}}, {"pk": 196, "model": "auth.permission", "fields": {"name": "Can change revision", "codename": "change_revision", "content_type": 69}}, {"pk": 197, "model": "auth.permission", "fields": {"name": "Can delete revision", "codename": "delete_revision", "content_type": 69}}, {"pk": 198, "model": "auth.permission", "fields": {"name": "Can add version", "codename": "add_version", "content_type": 70}}, {"pk": 199, "model": "auth.permission", "fields": {"name": "Can change version", "codename": "change_version", "content_type": 70}}, {"pk": 200, "model": "auth.permission", "fields": {"name": "Can delete version", "codename": "delete_version", "content_type": 70}}, {"pk": 1, "model": "auth.user", "fields": {"username": "admin", "is_staff": true, "user_permissions": [], "first_name": "", "password": "pbkdf2_sha256$20000$2Rw7ivOLE6Sm$yBi5P9vo7Gge+ZuE61c40LvlYmhG9AaIVNPmpd/O/ac=", "last_login": "2016-11-30T09:44:19.892Z", "last_name": "", "is_superuser": true, "date_joined": "2016-11-30T09:41:32.296Z", "is_active": true, "email": "admin@admin.com", "groups": []}}, {"pk": 1, "model": "admin.logentry", "fields": {"action_flag": 2, "user": 1, "object_repr": "Hello", "change_message": "\u0418\u0437\u043c\u0435\u043d\u0435\u043d title.", "action_time": "2016-11-30T15:36:12.730Z", "object_id": "1", "content_type": 2}}, {"pk": 2, "model": "admin.logentry", "fields": {"action_flag": 1, "user": 1, "object_repr": "\u041d\u043e\u0432\u043e\u0441\u0442\u0438", "change_message": "", "action_time": "2016-11-30T17:06:36.000Z", "object_id": "1", "content_type": 49}}, {"pk": 3, "model": "admin.logentry", "fields": {"action_flag": 1, "user": 1, "object_repr": "\u041f\u0440\u0438\u043c\u0435\u0440 \u0441\u0442\u0430\u0442\u044c\u0438", "change_message": "", "action_time": "2016-11-30T17:09:00.890Z", "object_id": "1", "content_type": 53}}, {"pk": 4, "model": "admin.logentry", "fields": {"action_flag": 2, "user": 1, "object_repr": "localhost", "change_message": "\u0418\u0437\u043c\u0435\u043d\u0435\u043d domain \u0438 name.", "action_time": "2016-11-30T17:10:12.268Z", "object_id": "1", "content_type": 9}}, {"pk": 5, "model": "admin.logentry", "fields": {"action_flag": 1, "user": 1, "object_repr": "\u041f\u0440\u0438\u0432\u0435\u0442", "change_message": "", "action_time": "2016-11-30T17:14:32.978Z", "object_id": "3", "content_type": 2}}, {"pk": 6, "model": "admin.logentry", "fields": {"action_flag": 2, "user": 1, "object_repr": "\u041f\u0440\u0438\u0432\u0435\u0442", "change_message": "\u0418\u0437\u043c\u0435\u043d\u0435\u043d navigation_extenders, application_urls, application_namespace, application_configs \u0438 xframe_options.", "action_time": "2016-11-30T17:15:35.080Z", "object_id": "3", "content_type": 2}}, {"pk": 7, "model": "admin.logentry", "fields": {"action_flag": 2, "user": 1, "object_repr": "\u041f\u0440\u0438\u0432\u0435\u0442", "change_message": "", "action_time": "2016-11-30T17:15:44.829Z", "object_id": "3", "content_type": 2}}, {"pk": 8, "model": "admin.logentry", "fields": {"action_flag": 2, "user": 1, "object_repr": "\u041f\u0440\u0438\u0432\u0435\u0442", "change_message": "\u0421\u0442\u0440\u0430\u043d\u0438\u0446\u0430 \"\u041f\u0440\u0438\u0432\u0435\u0442\" \u0434\u043b\u044f \u044f\u0437\u044b\u043a\u0430 \"ru\" \u0431\u044b\u043b\u0430 \u0443\u0441\u043f\u0435\u0448\u043d\u043e \u0441\u043a\u0440\u044b\u0442\u0430", "action_time": "2016-11-30T17:18:19.470Z", "object_id": "1", "content_type": 2}}, {"pk": 9, "model": "admin.logentry", "fields": {"action_flag": 3, "user": 1, "object_repr": "NewsBlog / aldryn_newsblog_default", "change_message": "", "action_time": "2016-11-30T17:20:27.959Z", "object_id": "1", "content_type": 51}}, {"pk": 10, "model": "admin.logentry", "fields": {"action_flag": 3, "user": 1, "object_repr": "\u041f\u0440\u0438\u0432\u0435\u0442", "change_message": "", "action_time": "2016-11-30T17:21:18.890Z", "object_id": "3", "content_type": 2}}, {"pk": 11, "model": "admin.logentry", "fields": {"action_flag": 2, "user": 1, "object_repr": "\u041f\u0440\u0438\u0432\u0435\u0442", "change_message": "\u0418\u0437\u043c\u0435\u043d\u0435\u043d application_urls, application_namespace \u0438 xframe_options.", "action_time": "2016-11-30T17:21:48.663Z", "object_id": "1", "content_type": 2}}, {"pk": 12, "model": "admin.logentry", "fields": {"action_flag": 2, "user": 1, "object_repr": "\u041f\u0440\u0438\u0432\u0435\u0442", "change_message": "", "action_time": "2016-11-30T17:22:06.044Z", "object_id": "1", "content_type": 2}}, {"pk": 13, "model": "admin.logentry", "fields": {"action_flag": 2, "user": 1, "object_repr": "\u041f\u0440\u0438\u0432\u0435\u0442", "change_message": "\u0418\u0437\u043c\u0435\u043d\u0435\u043d navigation_extenders, application_urls, application_namespace \u0438 xframe_options.", "action_time": "2016-11-30T17:22:29.359Z", "object_id": "1", "content_type": 2}}, {"pk": 14, "model": "admin.logentry", "fields": {"action_flag": 3, "user": 1, "object_repr": "\u041f\u0440\u0438\u0432\u0435\u0442", "change_message": "", "action_time": "2016-11-30T17:23:08.039Z", "object_id": "1", "content_type": 2}}, {"pk": 15, "model": "admin.logentry", "fields": {"action_flag": 1, "user": 1, "object_repr": "\u041f\u0440\u0438\u0432\u0435\u0442", "change_message": "", "action_time": "2016-11-30T17:23:21.656Z", "object_id": "5", "content_type": 2}}, {"pk": 16, "model": "admin.logentry", "fields": {"action_flag": 2, "user": 1, "object_repr": "\u041f\u0440\u0438\u0432\u0435\u0442", "change_message": "", "action_time": "2016-11-30T17:24:24.940Z", "object_id": "5", "content_type": 2}}, {"pk": 17, "model": "admin.logentry", "fields": {"action_flag": 1, "user": 1, "object_repr": "Blog", "change_message": "", "action_time": "2016-11-30T17:24:55.592Z", "object_id": "7", "content_type": 2}}, {"pk": 18, "model": "admin.logentry", "fields": {"action_flag": 2, "user": 1, "object_repr": "Blog", "change_message": "\u0418\u0437\u043c\u0435\u043d\u0435\u043d template, navigation_extenders, application_urls, application_namespace \u0438 xframe_options.", "action_time": "2016-11-30T17:25:32.022Z", "object_id": "7", "content_type": 2}}, {"pk": 19, "model": "admin.logentry", "fields": {"action_flag": 2, "user": 1, "object_repr": "\u041f\u0440\u0438\u0432\u0435\u0442", "change_message": "\u0418\u0437\u043c\u0435\u043d\u0435\u043d title \u0438 slug.", "action_time": "2016-11-30T17:26:39.191Z", "object_id": "5", "content_type": 2}}, {"pk": 20, "model": "admin.logentry", "fields": {"action_flag": 2, "user": 1, "object_repr": "Blog", "change_message": "", "action_time": "2016-11-30T17:27:09.278Z", "object_id": "7", "content_type": 2}}, {"pk": 21, "model": "admin.logentry", "fields": {"action_flag": 1, "user": 1, "object_repr": "NewsBlog / Blog", "change_message": "", "action_time": "2016-11-30T17:27:50.841Z", "object_id": "2", "content_type": 51}}, {"pk": 22, "model": "admin.logentry", "fields": {"action_flag": 1, "user": 1, "object_repr": "\u041f\u0435\u0440\u0432\u0430\u044f \u0441\u0442\u0430\u0442\u044c\u044f", "change_message": "", "action_time": "2016-11-30T17:28:24.341Z", "object_id": "2", "content_type": 53}}, {"pk": 23, "model": "admin.logentry", "fields": {"action_flag": 3, "user": 1, "object_repr": "5", "change_message": "", "action_time": "2016-11-30T17:28:47.072Z", "object_id": "5", "content_type": 15}}, {"pk": 24, "model": "admin.logentry", "fields": {"action_flag": 2, "user": 1, "object_repr": "NewsBlog / Blog", "change_message": "\u041d\u0438 \u043e\u0434\u043d\u043e \u043f\u043e\u043b\u0435 \u043d\u0435 \u0438\u0437\u043c\u0435\u043d\u0435\u043d\u043e. NewsBlogConfig: 'NewsBlog / Blog' ('RU' translation)", "action_time": "2016-11-30T17:29:33.359Z", "object_id": "2", "content_type": 51}}, {"pk": 25, "model": "admin.logentry", "fields": {"action_flag": 2, "user": 1, "object_repr": "Blog", "change_message": "\u0418\u0437\u043c\u0435\u043d\u0435\u043d redirect, application_configs \u0438 xframe_options.", "action_time": "2016-11-30T17:30:05.624Z", "object_id": "7", "content_type": 2}}, {"pk": 26, "model": "admin.logentry", "fields": {"action_flag": 2, "user": 1, "object_repr": "Blog", "change_message": "\u0418\u0437\u043c\u0435\u043d\u0435\u043d navigation_extenders, application_urls, application_namespace \u0438 xframe_options.", "action_time": "2016-11-30T17:30:47.043Z", "object_id": "7", "content_type": 2}}, {"pk": 27, "model": "admin.logentry", "fields": {"action_flag": 2, "user": 1, "object_repr": "Blog", "change_message": "\u0418\u0437\u043c\u0435\u043d\u0435\u043d navigation_extenders \u0438 xframe_options.", "action_time": "2016-11-30T17:30:57.992Z", "object_id": "7", "content_type": 2}}, {"pk": 28, "model": "admin.logentry", "fields": {"action_flag": 2, "user": 1, "object_repr": "Blog", "change_message": "\u0418\u0437\u043c\u0435\u043d\u0435\u043d application_urls, application_namespace \u0438 xframe_options.", "action_time": "2016-11-30T17:31:13.648Z", "object_id": "7", "content_type": 2}}, {"pk": 29, "model": "admin.logentry", "fields": {"action_flag": 2, "user": 1, "object_repr": "Blog", "change_message": "\u0418\u0437\u043c\u0435\u043d\u0435\u043d application_configs \u0438 xframe_options.", "action_time": "2016-11-30T17:32:20.049Z", "object_id": "7", "content_type": 2}}, {"pk": 30, "model": "admin.logentry", "fields": {"action_flag": 2, "user": 1, "object_repr": "NewsBlog / Blog", "change_message": "\u0418\u0437\u043c\u0435\u043d\u0435\u043d app_title. NewsBlogConfig: 'NewsBlog / Blog' ('RU' translation)", "action_time": "2016-11-30T17:33:24.704Z", "object_id": "2", "content_type": 51}}, {"pk": 31, "model": "admin.logentry", "fields": {"action_flag": 2, "user": 1, "object_repr": "Blog", "change_message": "", "action_time": "2016-11-30T17:36:25.011Z", "object_id": "7", "content_type": 2}}, {"pk": 32, "model": "admin.logentry", "fields": {"action_flag": 2, "user": 1, "object_repr": "HOME", "change_message": "\u0418\u0437\u043c\u0435\u043d\u0435\u043d menu_title.", "action_time": "2016-12-01T10:01:58.748Z", "object_id": "5", "content_type": 2}}, {"pk": 33, "model": "admin.logentry", "fields": {"action_flag": 1, "user": 1, "object_repr": "\u041a\u043e\u043d\u0442\u0430\u043a\u0442\u044b", "change_message": "", "action_time": "2016-12-01T10:05:10.009Z", "object_id": "9", "content_type": 2}}, {"pk": 34, "model": "admin.logentry", "fields": {"action_flag": 2, "user": 1, "object_repr": "\u041a\u043e\u043d\u0442\u0430\u043a\u0442\u044b", "change_message": "\u0418\u0437\u043c\u0435\u043d\u0435\u043d xframe_options.", "action_time": "2016-12-01T10:05:46.842Z", "object_id": "9", "content_type": 2}}, {"pk": 35, "model": "admin.logentry", "fields": {"action_flag": 2, "user": 1, "object_repr": "\u041a\u043e\u043d\u0442\u0430\u043a\u0442\u044b", "change_message": "", "action_time": "2016-12-01T10:06:17.151Z", "object_id": "9", "content_type": 2}}, {"pk": 36, "model": "admin.logentry", "fields": {"action_flag": 2, "user": 1, "object_repr": "HOME", "change_message": "", "action_time": "2016-12-01T10:07:55.235Z", "object_id": "5", "content_type": 2}}, {"pk": 37, "model": "admin.logentry", "fields": {"action_flag": 2, "user": 1, "object_repr": "NewsBlog / Blog", "change_message": "\u0418\u0437\u043c\u0435\u043d\u0435\u043d app_title. NewsBlogConfig: 'NewsBlog / Blog' ('RU' translation)", "action_time": "2016-12-01T10:10:17.178Z", "object_id": "2", "content_type": 51}}, {"pk": 38, "model": "admin.logentry", "fields": {"action_flag": 2, "user": 1, "object_repr": "Blog", "change_message": "\u0418\u0437\u043c\u0435\u043d\u0435\u043d title \u0438 slug.", "action_time": "2016-12-01T10:10:57.426Z", "object_id": "7", "content_type": 2}}, {"pk": 39, "model": "admin.logentry", "fields": {"action_flag": 2, "user": 1, "object_repr": "\u041d\u043e\u0432\u043e\u0441\u0442\u0438", "change_message": "", "action_time": "2016-12-01T10:11:28.704Z", "object_id": "7", "content_type": 2}}, {"pk": 40, "model": "admin.logentry", "fields": {"action_flag": 2, "user": 1, "object_repr": "\u041d\u043e\u0432\u043e\u0441\u0442\u0438", "change_message": "\u0418\u0437\u043c\u0435\u043d\u0435\u043d redirect, application_configs \u0438 xframe_options.", "action_time": "2016-12-01T10:12:26.445Z", "object_id": "7", "content_type": 2}}, {"pk": 41, "model": "admin.logentry", "fields": {"action_flag": 2, "user": 1, "object_repr": "\u041d\u043e\u0432\u043e\u0441\u0442\u0438", "change_message": "", "action_time": "2016-12-01T10:12:31.064Z", "object_id": "7", "content_type": 2}}, {"pk": 42, "model": "admin.logentry", "fields": {"action_flag": 2, "user": 1, "object_repr": "Home", "change_message": "\u0418\u0437\u043c\u0435\u043d\u0435\u043d template \u0438 xframe_options.", "action_time": "2016-12-01T10:18:32.272Z", "object_id": "5", "content_type": 2}}, {"pk": 43, "model": "admin.logentry", "fields": {"action_flag": 2, "user": 1, "object_repr": "HOME", "change_message": "", "action_time": "2016-12-01T10:18:45.150Z", "object_id": "5", "content_type": 2}}, {"pk": 44, "model": "admin.logentry", "fields": {"action_flag": 1, "user": 1, "object_repr": "\u0410\u0440\u0435\u043d\u0434\u0430", "change_message": "", "action_time": "2016-12-01T15:22:52.950Z", "object_id": "11", "content_type": 2}}, {"pk": 45, "model": "admin.logentry", "fields": {"action_flag": 2, "user": 1, "object_repr": "\u0410\u0440\u0435\u043d\u0434\u0430", "change_message": "\u0418\u0437\u043c\u0435\u043d\u0435\u043d xframe_options.", "action_time": "2016-12-01T15:23:03.724Z", "object_id": "11", "content_type": 2}}, {"pk": 46, "model": "admin.logentry", "fields": {"action_flag": 2, "user": 1, "object_repr": "\u0410\u0440\u0435\u043d\u0434\u0430", "change_message": "", "action_time": "2016-12-01T15:23:16.013Z", "object_id": "11", "content_type": 2}}, {"pk": 47, "model": "admin.logentry", "fields": {"action_flag": 2, "user": 1, "object_repr": "\u041d\u043e\u0432\u043e\u0441\u0442\u0438", "change_message": "\u0418\u0437\u043c\u0435\u043d\u0435\u043d template, application_configs \u0438 xframe_options.", "action_time": "2016-12-01T16:14:48.164Z", "object_id": "7", "content_type": 2}}, {"pk": 48, "model": "admin.logentry", "fields": {"action_flag": 2, "user": 1, "object_repr": "\u041d\u043e\u0432\u043e\u0441\u0442\u0438", "change_message": "", "action_time": "2016-12-01T16:15:42.633Z", "object_id": "7", "content_type": 2}}, {"pk": 49, "model": "admin.logentry", "fields": {"action_flag": 2, "user": 1, "object_repr": "\u0410\u0440\u0435\u043d\u0434\u0430", "change_message": "\u0418\u0437\u043c\u0435\u043d\u0435\u043d template \u0438 xframe_options.", "action_time": "2016-12-01T16:16:10.103Z", "object_id": "11", "content_type": 2}}, {"pk": 50, "model": "admin.logentry", "fields": {"action_flag": 2, "user": 1, "object_repr": "\u0410\u0440\u0435\u043d\u0434\u0430", "change_message": "", "action_time": "2016-12-01T16:16:15.322Z", "object_id": "11", "content_type": 2}}, {"pk": 51, "model": "admin.logentry", "fields": {"action_flag": 2, "user": 1, "object_repr": "\u041a\u043e\u043d\u0442\u0430\u043a\u0442\u044b", "change_message": "\u0418\u0437\u043c\u0435\u043d\u0435\u043d template \u0438 xframe_options.", "action_time": "2016-12-01T16:16:26.611Z", "object_id": "9", "content_type": 2}}, {"pk": 52, "model": "admin.logentry", "fields": {"action_flag": 2, "user": 1, "object_repr": "\u041a\u043e\u043d\u0442\u0430\u043a\u0442\u044b", "change_message": "", "action_time": "2016-12-01T16:16:30.018Z", "object_id": "9", "content_type": 2}}, {"pk": 53, "model": "admin.logentry", "fields": {"action_flag": 2, "user": 1, "object_repr": "Home", "change_message": "\u0418\u0437\u043c\u0435\u043d\u0435\u043d menu_title.", "action_time": "2016-12-01T16:21:02.502Z", "object_id": "5", "content_type": 2}}, {"pk": 54, "model": "admin.logentry", "fields": {"action_flag": 2, "user": 1, "object_repr": "HOME", "change_message": "", "action_time": "2016-12-01T16:21:06.430Z", "object_id": "5", "content_type": 2}}, {"pk": 55, "model": "admin.logentry", "fields": {"action_flag": 2, "user": 1, "object_repr": "\u041d\u043e\u0432\u043e\u0441\u0442\u0438", "change_message": "\u0418\u0437\u043c\u0435\u043d\u0435\u043d menu_title.", "action_time": "2016-12-01T16:21:34.223Z", "object_id": "7", "content_type": 2}}, {"pk": 56, "model": "admin.logentry", "fields": {"action_flag": 2, "user": 1, "object_repr": "\u041d\u041e\u0412\u041e\u0421\u0422\u0418", "change_message": "\u041d\u0438 \u043e\u0434\u043d\u043e \u043f\u043e\u043b\u0435 \u043d\u0435 \u0438\u0437\u043c\u0435\u043d\u0435\u043d\u043e.", "action_time": "2016-12-01T16:21:36.344Z", "object_id": "7", "content_type": 2}}, {"pk": 57, "model": "admin.logentry", "fields": {"action_flag": 2, "user": 1, "object_repr": "\u041d\u043e\u0432\u043e\u0441\u0442\u0438", "change_message": "", "action_time": "2016-12-01T16:21:40.681Z", "object_id": "7", "content_type": 2}}, {"pk": 58, "model": "admin.logentry", "fields": {"action_flag": 2, "user": 1, "object_repr": "\u0410\u0440\u0435\u043d\u0434\u0430", "change_message": "\u0418\u0437\u043c\u0435\u043d\u0435\u043d menu_title.", "action_time": "2016-12-01T16:21:56.482Z", "object_id": "11", "content_type": 2}}, {"pk": 59, "model": "admin.logentry", "fields": {"action_flag": 2, "user": 1, "object_repr": "\u0410\u0440\u0435\u043d\u0434\u0430", "change_message": "", "action_time": "2016-12-01T16:22:00.320Z", "object_id": "11", "content_type": 2}}, {"pk": 60, "model": "admin.logentry", "fields": {"action_flag": 2, "user": 1, "object_repr": "\u041a\u043e\u043d\u0442\u0430\u043a\u0442\u044b", "change_message": "\u0418\u0437\u043c\u0435\u043d\u0435\u043d menu_title.", "action_time": "2016-12-01T16:22:11.874Z", "object_id": "9", "content_type": 2}}, {"pk": 61, "model": "admin.logentry", "fields": {"action_flag": 2, "user": 1, "object_repr": "\u041a\u043e\u043d\u0442\u0430\u043a\u0442\u044b", "change_message": "", "action_time": "2016-12-01T16:22:14.943Z", "object_id": "9", "content_type": 2}}, {"pk": 62, "model": "admin.logentry", "fields": {"action_flag": 2, "user": 1, "object_repr": "HOME", "change_message": "", "action_time": "2016-12-01T18:28:10.543Z", "object_id": "5", "content_type": 2}}, {"pk": 63, "model": "admin.logentry", "fields": {"action_flag": 2, "user": 1, "object_repr": "HOME", "change_message": "", "action_time": "2016-12-01T18:28:53.291Z", "object_id": "5", "content_type": 2}}, {"pk": 64, "model": "admin.logentry", "fields": {"action_flag": 2, "user": 1, "object_repr": "\u041d\u041e\u0412\u041e\u0421\u0422\u0418", "change_message": "\u0418\u0437\u043c\u0435\u043d\u0435\u043d application_configs \u0438 xframe_options.", "action_time": "2016-12-01T18:30:43.768Z", "object_id": "7", "content_type": 2}}, {"pk": 65, "model": "admin.logentry", "fields": {"action_flag": 2, "user": 1, "object_repr": "\u0412\u0442\u043e\u0440\u0430\u044f", "change_message": "\u0418\u0437\u043c\u0435\u043d\u0435\u043d is_published \u0438 tags. Article: '\u0412\u0442\u043e\u0440\u0430\u044f' ('RU' translation)", "action_time": "2016-12-01T18:35:03.327Z", "object_id": "3", "content_type": 53}}, {"pk": 66, "model": "admin.logentry", "fields": {"action_flag": 2, "user": 1, "object_repr": "\u041f\u0435\u0440\u0432\u0430\u044f \u0441\u0442\u0430\u0442\u044c\u044f", "change_message": "\u0418\u0437\u043c\u0435\u043d\u0435\u043d is_published, lead_in \u0438 tags. Article: '\u041f\u0435\u0440\u0432\u0430\u044f \u0441\u0442\u0430\u0442\u044c\u044f' ('RU' translation)", "action_time": "2016-12-01T18:35:11.846Z", "object_id": "2", "content_type": 53}}, {"pk": 67, "model": "admin.logentry", "fields": {"action_flag": 2, "user": 1, "object_repr": "HOME", "change_message": "", "action_time": "2016-12-01T18:41:31.254Z", "object_id": "5", "content_type": 2}}, {"pk": 68, "model": "admin.logentry", "fields": {"action_flag": 2, "user": 1, "object_repr": "\u041d\u041e\u0412\u041e\u0421\u0422\u0418", "change_message": "\u0418\u0437\u043c\u0435\u043d\u0435\u043d soft_root, application_configs \u0438 xframe_options.", "action_time": "2016-12-01T18:49:32.649Z", "object_id": "7", "content_type": 2}}, {"pk": 69, "model": "admin.logentry", "fields": {"action_flag": 2, "user": 1, "object_repr": "\u041d\u043e\u0432\u043e\u0441\u0442\u0438", "change_message": "", "action_time": "2016-12-01T18:50:51.468Z", "object_id": "7", "content_type": 2}}, {"pk": 70, "model": "admin.logentry", "fields": {"action_flag": 2, "user": 1, "object_repr": "\u041d\u041e\u0412\u041e\u0421\u0422\u0418", "change_message": "\u0418\u0437\u043c\u0435\u043d\u0435\u043d soft_root, application_configs \u0438 xframe_options.", "action_time": "2016-12-01T18:51:22.513Z", "object_id": "7", "content_type": 2}}, {"pk": 71, "model": "admin.logentry", "fields": {"action_flag": 2, "user": 1, "object_repr": "\u041d\u043e\u0432\u043e\u0441\u0442\u0438", "change_message": "", "action_time": "2016-12-01T18:51:28.847Z", "object_id": "7", "content_type": 2}}, {"pk": 72, "model": "admin.logentry", "fields": {"action_flag": 2, "user": 1, "object_repr": "\u041d\u043e\u0432\u043e\u0441\u0442\u0438", "change_message": "\u0421\u0442\u0440\u0430\u043d\u0438\u0446\u0430 \"\u041d\u041e\u0412\u041e\u0421\u0422\u0418\" \u0434\u043b\u044f \u044f\u0437\u044b\u043a\u0430 \"ru\" \u0431\u044b\u043b\u0430 \u0443\u0441\u043f\u0435\u0448\u043d\u043e \u0441\u043a\u0440\u044b\u0442\u0430", "action_time": "2016-12-01T18:51:32.792Z", "object_id": "7", "content_type": 2}}, {"pk": 73, "model": "admin.logentry", "fields": {"action_flag": 2, "user": 1, "object_repr": "\u041d\u043e\u0432\u043e\u0441\u0442\u0438", "change_message": "", "action_time": "2016-12-01T18:51:48.926Z", "object_id": "7", "content_type": 2}}, {"pk": 74, "model": "admin.logentry", "fields": {"action_flag": 2, "user": 1, "object_repr": "HOME", "change_message": "", "action_time": "2016-12-01T19:09:01.871Z", "object_id": "5", "content_type": 2}}, {"pk": 1, "model": "cms.usersettings", "fields": {"user": 1, "language": "ru", "clipboard": 1}}, {"pk": 1, "model": "filer.image", "fields": {"must_always_publish_copyright": false, "default_caption": null, "_height": 252, "default_alt_text": null, "subject_location": "", "must_always_publish_author_credit": false, "author": null, "_width": 254, "date_taken": "2016-12-01T18:25:47.465Z"}}, {"pk": 1, "model": "filer.clipboard", "fields": {"user": 1}}, {"pk": 1, "model": "filer.image", "fields": {"must_always_publish_copyright": false, "default_caption": null, "_height": 252, "default_alt_text": null, "subject_location": "", "must_always_publish_author_credit": false, "author": null, "_width": 254, "date_taken": "2016-12-01T18:25:47.465Z"}}, {"pk": 2, "model": "aldryn_newsblog.article", "fields": {"is_featured": false, "content": 29, "featured_image": null, "categories": [], "related": [], "author": 1, "owner": 1, "app_config": 2, "publishing_date": "2016-11-30T17:28:10Z", "is_published": true}}, {"pk": 3, "model": "aldryn_newsblog.article", "fields": {"is_featured": false, "content": 30, "featured_image": null, "categories": [], "related": [], "author": 1, "owner": 1, "app_config": 2, "publishing_date": "2016-11-30T17:36:20Z", "is_published": true}}, {"pk": 1, "model": "aldryn_people.person", "fields": {"user": 1, "visual": null, "fax": null, "phone": null, "vcard_enabled": true, "mobile": null, "email": "", "website": null, "groups": []}}, {"pk": 1, "model": "reversion.revision", "fields": {"manager_slug": "default", "user": 1, "date_created": "2016-11-30T17:09:00.969Z", "comment": "Initial version of Article: '\u041f\u0440\u0438\u043c\u0435\u0440 \u0441\u0442\u0430\u0442\u044c\u0438'. ('RU' translation)"}}, {"pk": 2, "model": "reversion.revision", "fields": {"manager_slug": "default", "user": 1, "date_created": "2016-11-30T17:16:29.425Z", "comment": "Added plugin #3: News & Blog latest articles: 5"}}, {"pk": 3, "model": "reversion.revision", "fields": {"manager_slug": "default", "user": 1, "date_created": "2016-11-30T17:27:50.857Z", "comment": "Initial version of NewsBlogConfig: 'NewsBlog / Blog'. ('RU' translation)"}}, {"pk": 4, "model": "reversion.revision", "fields": {"manager_slug": "default", "user": 1, "date_created": "2016-11-30T17:28:24.360Z", "comment": "Initial version of Article: '\u041f\u0435\u0440\u0432\u0430\u044f \u0441\u0442\u0430\u0442\u044c\u044f'. ('RU' translation)"}}, {"pk": 5, "model": "reversion.revision", "fields": {"manager_slug": "default", "user": 1, "date_created": "2016-11-30T17:29:33.368Z", "comment": "\u041d\u0438 \u043e\u0434\u043d\u043e \u043f\u043e\u043b\u0435 \u043d\u0435 \u0438\u0437\u043c\u0435\u043d\u0435\u043d\u043e. NewsBlogConfig: 'NewsBlog / Blog' ('RU' translation)"}}, {"pk": 6, "model": "reversion.revision", "fields": {"manager_slug": "default", "user": 1, "date_created": "2016-11-30T17:33:24.711Z", "comment": "\u0418\u0437\u043c\u0435\u043d\u0435\u043d app_title. NewsBlogConfig: 'NewsBlog / Blog' ('RU' translation)"}}, {"pk": 7, "model": "reversion.revision", "fields": {"manager_slug": "default", "user": 1, "date_created": "2016-11-30T17:36:20.602Z", "comment": "Initial version."}}, {"pk": 8, "model": "reversion.revision", "fields": {"manager_slug": "default", "user": 1, "date_created": "2016-12-01T10:10:17.190Z", "comment": "\u0418\u0437\u043c\u0435\u043d\u0435\u043d app_title. NewsBlogConfig: 'NewsBlog / Blog' ('RU' translation)"}}, {"pk": 9, "model": "reversion.revision", "fields": {"manager_slug": "default", "user": 1, "date_created": "2016-12-01T18:35:03.369Z", "comment": "\u0418\u0437\u043c\u0435\u043d\u0435\u043d is_published \u0438 tags. Article: '\u0412\u0442\u043e\u0440\u0430\u044f' ('RU' translation)"}}, {"pk": 10, "model": "reversion.revision", "fields": {"manager_slug": "default", "user": 1, "date_created": "2016-12-01T18:35:11.869Z", "comment": "\u0418\u0437\u043c\u0435\u043d\u0435\u043d is_published, lead_in \u0438 tags. Article: '\u041f\u0435\u0440\u0432\u0430\u044f \u0441\u0442\u0430\u0442\u044c\u044f' ('RU' translation)"}}]